<?xml version="1.0" encoding="UTF-8"?>
<frame>
  <cameras>
    <camera camera_id="64">
      <photo path="../../../images/DSC_0434.JPG">
        <meta>
          <property name="Exif/DateTime" value="2016:06:10 15:40:20"/>
          <property name="Exif/DateTimeOriginal" value="2016:06:10 15:40:20"/>
          <property name="Exif/ExposureTime" value="0.02"/>
          <property name="Exif/FNumber" value="4"/>
          <property name="Exif/FocalLength" value="24"/>
          <property name="Exif/FocalLengthIn35mmFilm" value="36"/>
          <property name="Exif/ISOSpeedRatings" value="800"/>
          <property name="Exif/Make" value="NIKON CORPORATION"/>
          <property name="Exif/Model" value="NIKON D5100"/>
          <property name="Exif/Orientation" value="6"/>
          <property name="Exif/Software" value="Ver.1.01 "/>
          <property name="File/ImageHeight" value="3264"/>
          <property name="File/ImageWidth" value="4928"/>
          <property name="System/FileModifyDate" value="2016:06:10 15:40:20"/>
          <property name="System/FileSize" value="6809342"/>
        </meta>
      </photo>
    </camera>
    <camera camera_id="65">
      <photo path="../../../images/DSC_0435.JPG">
        <meta>
          <property name="Exif/DateTime" value="2016:06:10 15:40:21"/>
          <property name="Exif/DateTimeOriginal" value="2016:06:10 15:40:21"/>
          <property name="Exif/ExposureTime" value="0.02"/>
          <property name="Exif/FNumber" value="4"/>
          <property name="Exif/FocalLength" value="24"/>
          <property name="Exif/FocalLengthIn35mmFilm" value="36"/>
          <property name="Exif/ISOSpeedRatings" value="800"/>
          <property name="Exif/Make" value="NIKON CORPORATION"/>
          <property name="Exif/Model" value="NIKON D5100"/>
          <property name="Exif/Orientation" value="6"/>
          <property name="Exif/Software" value="Ver.1.01 "/>
          <property name="File/ImageHeight" value="3264"/>
          <property name="File/ImageWidth" value="4928"/>
          <property name="System/FileModifyDate" value="2016:06:10 15:40:22"/>
          <property name="System/FileSize" value="6629249"/>
        </meta>
      </photo>
    </camera>
    <camera camera_id="66">
      <photo path="../../../images/DSC_0436.JPG">
        <meta>
          <property name="Exif/DateTime" value="2016:06:10 15:40:23"/>
          <property name="Exif/DateTimeOriginal" value="2016:06:10 15:40:23"/>
          <property name="Exif/ExposureTime" value="0.02"/>
          <property name="Exif/FNumber" value="4"/>
          <property name="Exif/FocalLength" value="24"/>
          <property name="Exif/FocalLengthIn35mmFilm" value="36"/>
          <property name="Exif/ISOSpeedRatings" value="800"/>
          <property name="Exif/Make" value="NIKON CORPORATION"/>
          <property name="Exif/Model" value="NIKON D5100"/>
          <property name="Exif/Orientation" value="6"/>
          <property name="Exif/Software" value="Ver.1.01 "/>
          <property name="File/ImageHeight" value="3264"/>
          <property name="File/ImageWidth" value="4928"/>
          <property name="System/FileModifyDate" value="2016:06:10 15:40:24"/>
          <property name="System/FileSize" value="6695932"/>
        </meta>
      </photo>
    </camera>
    <camera camera_id="91">
      <photo path="../../../images/DSC_0437.JPG">
        <meta>
          <property name="Exif/DateTime" value="2016:06:10 15:40:25"/>
          <property name="Exif/DateTimeOriginal" value="2016:06:10 15:40:25"/>
          <property name="Exif/ExposureTime" value="0.02"/>
          <property name="Exif/FNumber" value="4"/>
          <property name="Exif/FocalLength" value="24"/>
          <property name="Exif/FocalLengthIn35mmFilm" value="36"/>
          <property name="Exif/ISOSpeedRatings" value="800"/>
          <property name="Exif/Make" value="NIKON CORPORATION"/>
          <property name="Exif/Model" value="NIKON D5100"/>
          <property name="Exif/Orientation" value="6"/>
          <property name="Exif/Software" value="Ver.1.01 "/>
          <property name="File/ImageHeight" value="3264"/>
          <property name="File/ImageWidth" value="4928"/>
          <property name="System/FileModifyDate" value="2016:06:10 15:40:24"/>
          <property name="System/FileSize" value="6730687"/>
        </meta>
      </photo>
    </camera>
    <camera camera_id="92">
      <photo path="../../../images/DSC_0438.JPG">
        <meta>
          <property name="Exif/DateTime" value="2016:06:10 15:40:26"/>
          <property name="Exif/DateTimeOriginal" value="2016:06:10 15:40:26"/>
          <property name="Exif/ExposureTime" value="0.02"/>
          <property name="Exif/FNumber" value="4"/>
          <property name="Exif/FocalLength" value="24"/>
          <property name="Exif/FocalLengthIn35mmFilm" value="36"/>
          <property name="Exif/ISOSpeedRatings" value="800"/>
          <property name="Exif/Make" value="NIKON CORPORATION"/>
          <property name="Exif/Model" value="NIKON D5100"/>
          <property name="Exif/Orientation" value="6"/>
          <property name="Exif/Software" value="Ver.1.01 "/>
          <property name="File/ImageHeight" value="3264"/>
          <property name="File/ImageWidth" value="4928"/>
          <property name="System/FileModifyDate" value="2016:06:10 15:40:26"/>
          <property name="System/FileSize" value="6758330"/>
        </meta>
      </photo>
    </camera>
    <camera camera_id="93">
      <photo path="../../../images/DSC_0439.JPG">
        <meta>
          <property name="Exif/DateTime" value="2016:06:10 15:40:28"/>
          <property name="Exif/DateTimeOriginal" value="2016:06:10 15:40:28"/>
          <property name="Exif/ExposureTime" value="0.02"/>
          <property name="Exif/FNumber" value="4"/>
          <property name="Exif/FocalLength" value="24"/>
          <property name="Exif/FocalLengthIn35mmFilm" value="36"/>
          <property name="Exif/ISOSpeedRatings" value="800"/>
          <property name="Exif/Make" value="NIKON CORPORATION"/>
          <property name="Exif/Model" value="NIKON D5100"/>
          <property name="Exif/Orientation" value="6"/>
          <property name="Exif/Software" value="Ver.1.01 "/>
          <property name="File/ImageHeight" value="3264"/>
          <property name="File/ImageWidth" value="4928"/>
          <property name="System/FileModifyDate" value="2016:06:10 15:40:28"/>
          <property name="System/FileSize" value="6823962"/>
        </meta>
      </photo>
    </camera>
    <camera camera_id="94">
      <photo path="../../../images/DSC_0440.JPG">
        <meta>
          <property name="Exif/DateTime" value="2016:06:10 15:40:30"/>
          <property name="Exif/DateTimeOriginal" value="2016:06:10 15:40:30"/>
          <property name="Exif/ExposureTime" value="0.0333333333333333"/>
          <property name="Exif/FNumber" value="4"/>
          <property name="Exif/FocalLength" value="24"/>
          <property name="Exif/FocalLengthIn35mmFilm" value="36"/>
          <property name="Exif/ISOSpeedRatings" value="1100"/>
          <property name="Exif/Make" value="NIKON CORPORATION"/>
          <property name="Exif/Model" value="NIKON D5100"/>
          <property name="Exif/Orientation" value="6"/>
          <property name="Exif/Software" value="Ver.1.01 "/>
          <property name="File/ImageHeight" value="3264"/>
          <property name="File/ImageWidth" value="4928"/>
          <property name="System/FileModifyDate" value="2016:06:10 15:40:30"/>
          <property name="System/FileSize" value="6527918"/>
        </meta>
      </photo>
    </camera>
    <camera camera_id="95">
      <photo path="../../../images/DSC_0441.JPG">
        <meta>
          <property name="Exif/DateTime" value="2016:06:10 15:40:34"/>
          <property name="Exif/DateTimeOriginal" value="2016:06:10 15:40:34"/>
          <property name="Exif/ExposureTime" value="0.0166666666666667"/>
          <property name="Exif/FNumber" value="4"/>
          <property name="Exif/FocalLength" value="24"/>
          <property name="Exif/FocalLengthIn35mmFilm" value="36"/>
          <property name="Exif/ISOSpeedRatings" value="800"/>
          <property name="Exif/Make" value="NIKON CORPORATION"/>
          <property name="Exif/Model" value="NIKON D5100"/>
          <property name="Exif/Orientation" value="6"/>
          <property name="Exif/Software" value="Ver.1.01 "/>
          <property name="File/ImageHeight" value="3264"/>
          <property name="File/ImageWidth" value="4928"/>
          <property name="System/FileModifyDate" value="2016:06:10 15:40:34"/>
          <property name="System/FileSize" value="6735923"/>
        </meta>
      </photo>
    </camera>
    <camera camera_id="96">
      <photo path="../../../images/DSC_0442.JPG">
        <meta>
          <property name="Exif/DateTime" value="2016:06:10 15:40:37"/>
          <property name="Exif/DateTimeOriginal" value="2016:06:10 15:40:37"/>
          <property name="Exif/ExposureTime" value="0.0166666666666667"/>
          <property name="Exif/FNumber" value="4"/>
          <property name="Exif/FocalLength" value="24"/>
          <property name="Exif/FocalLengthIn35mmFilm" value="36"/>
          <property name="Exif/ISOSpeedRatings" value="800"/>
          <property name="Exif/Make" value="NIKON CORPORATION"/>
          <property name="Exif/Model" value="NIKON D5100"/>
          <property name="Exif/Orientation" value="6"/>
          <property name="Exif/Software" value="Ver.1.01 "/>
          <property name="File/ImageHeight" value="3264"/>
          <property name="File/ImageWidth" value="4928"/>
          <property name="System/FileModifyDate" value="2016:06:10 15:40:38"/>
          <property name="System/FileSize" value="6617943"/>
        </meta>
      </photo>
    </camera>
    <camera camera_id="97">
      <photo path="../../../images/DSC_0443.JPG">
        <meta>
          <property name="Exif/DateTime" value="2016:06:10 15:40:40"/>
          <property name="Exif/DateTimeOriginal" value="2016:06:10 15:40:40"/>
          <property name="Exif/ExposureTime" value="0.0166666666666667"/>
          <property name="Exif/FNumber" value="4"/>
          <property name="Exif/FocalLength" value="20"/>
          <property name="Exif/FocalLengthIn35mmFilm" value="30"/>
          <property name="Exif/ISOSpeedRatings" value="800"/>
          <property name="Exif/Make" value="NIKON CORPORATION"/>
          <property name="Exif/Model" value="NIKON D5100"/>
          <property name="Exif/Orientation" value="6"/>
          <property name="Exif/Software" value="Ver.1.01 "/>
          <property name="File/ImageHeight" value="3264"/>
          <property name="File/ImageWidth" value="4928"/>
          <property name="System/FileModifyDate" value="2016:06:10 15:40:40"/>
          <property name="System/FileSize" value="6552203"/>
        </meta>
      </photo>
    </camera>
    <camera camera_id="98">
      <photo path="../../../images/DSC_0444.JPG">
        <meta>
          <property name="Exif/DateTime" value="2016:06:10 15:40:46"/>
          <property name="Exif/DateTimeOriginal" value="2016:06:10 15:40:46"/>
          <property name="Exif/ExposureTime" value="0.02"/>
          <property name="Exif/FNumber" value="3.8"/>
          <property name="Exif/FocalLength" value="20"/>
          <property name="Exif/FocalLengthIn35mmFilm" value="30"/>
          <property name="Exif/ISOSpeedRatings" value="800"/>
          <property name="Exif/Make" value="NIKON CORPORATION"/>
          <property name="Exif/Model" value="NIKON D5100"/>
          <property name="Exif/Orientation" value="6"/>
          <property name="Exif/Software" value="Ver.1.01 "/>
          <property name="File/ImageHeight" value="3264"/>
          <property name="File/ImageWidth" value="4928"/>
          <property name="System/FileModifyDate" value="2016:06:10 15:40:46"/>
          <property name="System/FileSize" value="6557080"/>
        </meta>
      </photo>
    </camera>
    <camera camera_id="99">
      <photo path="../../../images/DSC_0445.JPG">
        <meta>
          <property name="Exif/DateTime" value="2016:06:10 15:40:49"/>
          <property name="Exif/DateTimeOriginal" value="2016:06:10 15:40:49"/>
          <property name="Exif/ExposureTime" value="0.025"/>
          <property name="Exif/FNumber" value="3.8"/>
          <property name="Exif/FocalLength" value="20"/>
          <property name="Exif/FocalLengthIn35mmFilm" value="30"/>
          <property name="Exif/ISOSpeedRatings" value="800"/>
          <property name="Exif/Make" value="NIKON CORPORATION"/>
          <property name="Exif/Model" value="NIKON D5100"/>
          <property name="Exif/Orientation" value="6"/>
          <property name="Exif/Software" value="Ver.1.01 "/>
          <property name="File/ImageHeight" value="3264"/>
          <property name="File/ImageWidth" value="4928"/>
          <property name="System/FileModifyDate" value="2016:06:10 15:40:50"/>
          <property name="System/FileSize" value="6508661"/>
        </meta>
      </photo>
    </camera>
    <camera camera_id="100">
      <photo path="../../../images/DSC_0446.JPG">
        <meta>
          <property name="Exif/DateTime" value="2016:06:10 15:40:52"/>
          <property name="Exif/DateTimeOriginal" value="2016:06:10 15:40:52"/>
          <property name="Exif/ExposureTime" value="0.025"/>
          <property name="Exif/FNumber" value="3.8"/>
          <property name="Exif/FocalLength" value="20"/>
          <property name="Exif/FocalLengthIn35mmFilm" value="30"/>
          <property name="Exif/ISOSpeedRatings" value="800"/>
          <property name="Exif/Make" value="NIKON CORPORATION"/>
          <property name="Exif/Model" value="NIKON D5100"/>
          <property name="Exif/Orientation" value="6"/>
          <property name="Exif/Software" value="Ver.1.01 "/>
          <property name="File/ImageHeight" value="3264"/>
          <property name="File/ImageWidth" value="4928"/>
          <property name="System/FileModifyDate" value="2016:06:10 15:40:52"/>
          <property name="System/FileSize" value="6416607"/>
        </meta>
      </photo>
    </camera>
    <camera camera_id="101">
      <photo path="../../../images/DSC_0447.JPG">
        <meta>
          <property name="Exif/DateTime" value="2016:06:10 15:40:53"/>
          <property name="Exif/DateTimeOriginal" value="2016:06:10 15:40:53"/>
          <property name="Exif/ExposureTime" value="0.025"/>
          <property name="Exif/FNumber" value="3.8"/>
          <property name="Exif/FocalLength" value="20"/>
          <property name="Exif/FocalLengthIn35mmFilm" value="30"/>
          <property name="Exif/ISOSpeedRatings" value="800"/>
          <property name="Exif/Make" value="NIKON CORPORATION"/>
          <property name="Exif/Model" value="NIKON D5100"/>
          <property name="Exif/Orientation" value="6"/>
          <property name="Exif/Software" value="Ver.1.01 "/>
          <property name="File/ImageHeight" value="3264"/>
          <property name="File/ImageWidth" value="4928"/>
          <property name="System/FileModifyDate" value="2016:06:10 15:40:54"/>
          <property name="System/FileSize" value="6430356"/>
        </meta>
      </photo>
    </camera>
    <camera camera_id="102">
      <photo path="../../../images/DSC_0448.JPG">
        <meta>
          <property name="Exif/DateTime" value="2016:06:10 15:40:56"/>
          <property name="Exif/DateTimeOriginal" value="2016:06:10 15:40:56"/>
          <property name="Exif/ExposureTime" value="0.025"/>
          <property name="Exif/FNumber" value="3.8"/>
          <property name="Exif/FocalLength" value="20"/>
          <property name="Exif/FocalLengthIn35mmFilm" value="30"/>
          <property name="Exif/ISOSpeedRatings" value="800"/>
          <property name="Exif/Make" value="NIKON CORPORATION"/>
          <property name="Exif/Model" value="NIKON D5100"/>
          <property name="Exif/Orientation" value="6"/>
          <property name="Exif/Software" value="Ver.1.01 "/>
          <property name="File/ImageHeight" value="3264"/>
          <property name="File/ImageWidth" value="4928"/>
          <property name="System/FileModifyDate" value="2016:06:10 15:40:56"/>
          <property name="System/FileSize" value="6464957"/>
        </meta>
      </photo>
    </camera>
    <camera camera_id="103">
      <photo path="../../../images/DSC_0449.JPG">
        <meta>
          <property name="Exif/DateTime" value="2016:06:10 15:40:59"/>
          <property name="Exif/DateTimeOriginal" value="2016:06:10 15:40:59"/>
          <property name="Exif/ExposureTime" value="0.0333333333333333"/>
          <property name="Exif/FNumber" value="3.8"/>
          <property name="Exif/FocalLength" value="20"/>
          <property name="Exif/FocalLengthIn35mmFilm" value="30"/>
          <property name="Exif/ISOSpeedRatings" value="800"/>
          <property name="Exif/Make" value="NIKON CORPORATION"/>
          <property name="Exif/Model" value="NIKON D5100"/>
          <property name="Exif/Orientation" value="6"/>
          <property name="Exif/Software" value="Ver.1.01 "/>
          <property name="File/ImageHeight" value="3264"/>
          <property name="File/ImageWidth" value="4928"/>
          <property name="System/FileModifyDate" value="2016:06:10 15:40:58"/>
          <property name="System/FileSize" value="6365681"/>
        </meta>
      </photo>
    </camera>
    <camera camera_id="105">
      <photo path="../../../images/DSC_0451.JPG">
        <meta>
          <property name="Exif/DateTime" value="2016:06:10 15:41:07"/>
          <property name="Exif/DateTimeOriginal" value="2016:06:10 15:41:07"/>
          <property name="Exif/ExposureTime" value="0.0333333333333333"/>
          <property name="Exif/FNumber" value="3.8"/>
          <property name="Exif/FocalLength" value="20"/>
          <property name="Exif/FocalLengthIn35mmFilm" value="30"/>
          <property name="Exif/ISOSpeedRatings" value="800"/>
          <property name="Exif/Make" value="NIKON CORPORATION"/>
          <property name="Exif/Model" value="NIKON D5100"/>
          <property name="Exif/Orientation" value="6"/>
          <property name="Exif/Software" value="Ver.1.01 "/>
          <property name="File/ImageHeight" value="3264"/>
          <property name="File/ImageWidth" value="4928"/>
          <property name="System/FileModifyDate" value="2016:06:10 15:41:08"/>
          <property name="System/FileSize" value="6619015"/>
        </meta>
      </photo>
    </camera>
    <camera camera_id="106">
      <photo path="../../../images/DSC_0452.JPG">
        <meta>
          <property name="Exif/DateTime" value="2016:06:10 15:41:11"/>
          <property name="Exif/DateTimeOriginal" value="2016:06:10 15:41:11"/>
          <property name="Exif/ExposureTime" value="0.0333333333333333"/>
          <property name="Exif/FNumber" value="3.8"/>
          <property name="Exif/FocalLength" value="20"/>
          <property name="Exif/FocalLengthIn35mmFilm" value="30"/>
          <property name="Exif/ISOSpeedRatings" value="800"/>
          <property name="Exif/Make" value="NIKON CORPORATION"/>
          <property name="Exif/Model" value="NIKON D5100"/>
          <property name="Exif/Orientation" value="6"/>
          <property name="Exif/Software" value="Ver.1.01 "/>
          <property name="File/ImageHeight" value="3264"/>
          <property name="File/ImageWidth" value="4928"/>
          <property name="System/FileModifyDate" value="2016:06:10 15:41:12"/>
          <property name="System/FileSize" value="6626008"/>
        </meta>
      </photo>
    </camera>
    <camera camera_id="107">
      <photo path="../../../images/DSC_0453.JPG">
        <meta>
          <property name="Exif/DateTime" value="2016:06:10 15:41:12"/>
          <property name="Exif/DateTimeOriginal" value="2016:06:10 15:41:12"/>
          <property name="Exif/ExposureTime" value="0.0166666666666667"/>
          <property name="Exif/FNumber" value="3.8"/>
          <property name="Exif/FocalLength" value="20"/>
          <property name="Exif/FocalLengthIn35mmFilm" value="30"/>
          <property name="Exif/ISOSpeedRatings" value="800"/>
          <property name="Exif/Make" value="NIKON CORPORATION"/>
          <property name="Exif/Model" value="NIKON D5100"/>
          <property name="Exif/Orientation" value="6"/>
          <property name="Exif/Software" value="Ver.1.01 "/>
          <property name="File/ImageHeight" value="3264"/>
          <property name="File/ImageWidth" value="4928"/>
          <property name="System/FileModifyDate" value="2016:06:10 15:41:12"/>
          <property name="System/FileSize" value="7232593"/>
        </meta>
      </photo>
    </camera>
    <camera camera_id="108">
      <photo path="../../../images/DSC_0454.JPG">
        <meta>
          <property name="Exif/DateTime" value="2016:06:10 15:41:14"/>
          <property name="Exif/DateTimeOriginal" value="2016:06:10 15:41:14"/>
          <property name="Exif/ExposureTime" value="0.025"/>
          <property name="Exif/FNumber" value="3.8"/>
          <property name="Exif/FocalLength" value="20"/>
          <property name="Exif/FocalLengthIn35mmFilm" value="30"/>
          <property name="Exif/ISOSpeedRatings" value="800"/>
          <property name="Exif/Make" value="NIKON CORPORATION"/>
          <property name="Exif/Model" value="NIKON D5100"/>
          <property name="Exif/Orientation" value="6"/>
          <property name="Exif/Software" value="Ver.1.01 "/>
          <property name="File/ImageHeight" value="3264"/>
          <property name="File/ImageWidth" value="4928"/>
          <property name="System/FileModifyDate" value="2016:06:10 15:41:14"/>
          <property name="System/FileSize" value="6521042"/>
        </meta>
      </photo>
    </camera>
    <camera camera_id="109">
      <photo path="../../../images/DSC_0455.JPG">
        <meta>
          <property name="Exif/DateTime" value="2016:06:10 15:41:17"/>
          <property name="Exif/DateTimeOriginal" value="2016:06:10 15:41:17"/>
          <property name="Exif/ExposureTime" value="0.025"/>
          <property name="Exif/FNumber" value="3.8"/>
          <property name="Exif/FocalLength" value="20"/>
          <property name="Exif/FocalLengthIn35mmFilm" value="30"/>
          <property name="Exif/ISOSpeedRatings" value="800"/>
          <property name="Exif/Make" value="NIKON CORPORATION"/>
          <property name="Exif/Model" value="NIKON D5100"/>
          <property name="Exif/Orientation" value="6"/>
          <property name="Exif/Software" value="Ver.1.01 "/>
          <property name="File/ImageHeight" value="3264"/>
          <property name="File/ImageWidth" value="4928"/>
          <property name="System/FileModifyDate" value="2016:06:10 15:41:18"/>
          <property name="System/FileSize" value="6515558"/>
        </meta>
      </photo>
    </camera>
    <camera camera_id="110">
      <photo path="../../../images/DSC_0456.JPG">
        <meta>
          <property name="Exif/DateTime" value="2016:06:10 15:41:19"/>
          <property name="Exif/DateTimeOriginal" value="2016:06:10 15:41:19"/>
          <property name="Exif/ExposureTime" value="0.02"/>
          <property name="Exif/FNumber" value="3.8"/>
          <property name="Exif/FocalLength" value="20"/>
          <property name="Exif/FocalLengthIn35mmFilm" value="30"/>
          <property name="Exif/ISOSpeedRatings" value="800"/>
          <property name="Exif/Make" value="NIKON CORPORATION"/>
          <property name="Exif/Model" value="NIKON D5100"/>
          <property name="Exif/Orientation" value="6"/>
          <property name="Exif/Software" value="Ver.1.01 "/>
          <property name="File/ImageHeight" value="3264"/>
          <property name="File/ImageWidth" value="4928"/>
          <property name="System/FileModifyDate" value="2016:06:10 15:41:20"/>
          <property name="System/FileSize" value="6734869"/>
        </meta>
      </photo>
    </camera>
    <camera camera_id="111">
      <photo path="../../../images/DSC_0457.JPG">
        <meta>
          <property name="Exif/DateTime" value="2016:06:10 15:41:25"/>
          <property name="Exif/DateTimeOriginal" value="2016:06:10 15:41:25"/>
          <property name="Exif/ExposureTime" value="0.02"/>
          <property name="Exif/FNumber" value="3.8"/>
          <property name="Exif/FocalLength" value="20"/>
          <property name="Exif/FocalLengthIn35mmFilm" value="30"/>
          <property name="Exif/ISOSpeedRatings" value="800"/>
          <property name="Exif/Make" value="NIKON CORPORATION"/>
          <property name="Exif/Model" value="NIKON D5100"/>
          <property name="Exif/Orientation" value="6"/>
          <property name="Exif/Software" value="Ver.1.01 "/>
          <property name="File/ImageHeight" value="3264"/>
          <property name="File/ImageWidth" value="4928"/>
          <property name="System/FileModifyDate" value="2016:06:10 15:41:24"/>
          <property name="System/FileSize" value="6917107"/>
        </meta>
      </photo>
    </camera>
    <camera camera_id="112">
      <photo path="../../../images/DSC_0458.JPG">
        <meta>
          <property name="Exif/DateTime" value="2016:06:10 15:41:26"/>
          <property name="Exif/DateTimeOriginal" value="2016:06:10 15:41:26"/>
          <property name="Exif/ExposureTime" value="0.02"/>
          <property name="Exif/FNumber" value="3.8"/>
          <property name="Exif/FocalLength" value="20"/>
          <property name="Exif/FocalLengthIn35mmFilm" value="30"/>
          <property name="Exif/ISOSpeedRatings" value="800"/>
          <property name="Exif/Make" value="NIKON CORPORATION"/>
          <property name="Exif/Model" value="NIKON D5100"/>
          <property name="Exif/Orientation" value="6"/>
          <property name="Exif/Software" value="Ver.1.01 "/>
          <property name="File/ImageHeight" value="3264"/>
          <property name="File/ImageWidth" value="4928"/>
          <property name="System/FileModifyDate" value="2016:06:10 15:41:26"/>
          <property name="System/FileSize" value="6624374"/>
        </meta>
      </photo>
    </camera>
    <camera camera_id="113">
      <photo path="../../../images/DSC_0459.JPG">
        <meta>
          <property name="Exif/DateTime" value="2016:06:10 15:41:27"/>
          <property name="Exif/DateTimeOriginal" value="2016:06:10 15:41:27"/>
          <property name="Exif/ExposureTime" value="0.025"/>
          <property name="Exif/FNumber" value="3.8"/>
          <property name="Exif/FocalLength" value="20"/>
          <property name="Exif/FocalLengthIn35mmFilm" value="30"/>
          <property name="Exif/ISOSpeedRatings" value="800"/>
          <property name="Exif/Make" value="NIKON CORPORATION"/>
          <property name="Exif/Model" value="NIKON D5100"/>
          <property name="Exif/Orientation" value="6"/>
          <property name="Exif/Software" value="Ver.1.01 "/>
          <property name="File/ImageHeight" value="3264"/>
          <property name="File/ImageWidth" value="4928"/>
          <property name="System/FileModifyDate" value="2016:06:10 15:41:28"/>
          <property name="System/FileSize" value="6610526"/>
        </meta>
      </photo>
    </camera>
    <camera camera_id="114">
      <photo path="../../../images/DSC_0460.JPG">
        <meta>
          <property name="Exif/DateTime" value="2016:06:10 15:41:31"/>
          <property name="Exif/DateTimeOriginal" value="2016:06:10 15:41:31"/>
          <property name="Exif/ExposureTime" value="0.02"/>
          <property name="Exif/FNumber" value="3.8"/>
          <property name="Exif/FocalLength" value="20"/>
          <property name="Exif/FocalLengthIn35mmFilm" value="30"/>
          <property name="Exif/ISOSpeedRatings" value="800"/>
          <property name="Exif/Make" value="NIKON CORPORATION"/>
          <property name="Exif/Model" value="NIKON D5100"/>
          <property name="Exif/Orientation" value="6"/>
          <property name="Exif/Software" value="Ver.1.01 "/>
          <property name="File/ImageHeight" value="3264"/>
          <property name="File/ImageWidth" value="4928"/>
          <property name="System/FileModifyDate" value="2016:06:10 15:41:32"/>
          <property name="System/FileSize" value="6866374"/>
        </meta>
      </photo>
    </camera>
    <camera camera_id="0">
      <photo path="../../../images/DSC_0651.JPG">
        <meta>
          <property name="Exif/DateTime" value="2016:05:11 18:32:22"/>
          <property name="Exif/DateTimeOriginal" value="2016:05:11 18:32:22"/>
          <property name="Exif/ExposureTime" value="0.025"/>
          <property name="Exif/FNumber" value="3.5"/>
          <property name="Exif/FocalLength" value="18"/>
          <property name="Exif/FocalLengthIn35mmFilm" value="27"/>
          <property name="Exif/ISOSpeedRatings" value="800"/>
          <property name="Exif/Make" value="NIKON CORPORATION"/>
          <property name="Exif/Model" value="NIKON D5100"/>
          <property name="Exif/Orientation" value="6"/>
          <property name="Exif/Software" value="Ver.1.01 "/>
          <property name="File/ImageHeight" value="3264"/>
          <property name="File/ImageWidth" value="4928"/>
          <property name="System/FileModifyDate" value="2016:06:09 22:28:22"/>
          <property name="System/FileSize" value="6476536"/>
        </meta>
      </photo>
    </camera>
    <camera camera_id="1">
      <photo path="../../../images/DSC_0652.JPG">
        <meta>
          <property name="Exif/DateTime" value="2016:05:11 18:32:24"/>
          <property name="Exif/DateTimeOriginal" value="2016:05:11 18:32:24"/>
          <property name="Exif/ExposureTime" value="0.025"/>
          <property name="Exif/FNumber" value="3.5"/>
          <property name="Exif/FocalLength" value="18"/>
          <property name="Exif/FocalLengthIn35mmFilm" value="27"/>
          <property name="Exif/ISOSpeedRatings" value="800"/>
          <property name="Exif/Make" value="NIKON CORPORATION"/>
          <property name="Exif/Model" value="NIKON D5100"/>
          <property name="Exif/Orientation" value="6"/>
          <property name="Exif/Software" value="Ver.1.01 "/>
          <property name="File/ImageHeight" value="3264"/>
          <property name="File/ImageWidth" value="4928"/>
          <property name="System/FileModifyDate" value="2016:06:09 22:28:22"/>
          <property name="System/FileSize" value="6542145"/>
        </meta>
      </photo>
    </camera>
    <camera camera_id="2">
      <photo path="../../../images/DSC_0653.JPG">
        <meta>
          <property name="Exif/DateTime" value="2016:05:11 18:32:26"/>
          <property name="Exif/DateTimeOriginal" value="2016:05:11 18:32:26"/>
          <property name="Exif/ExposureTime" value="0.025"/>
          <property name="Exif/FNumber" value="3.5"/>
          <property name="Exif/FocalLength" value="18"/>
          <property name="Exif/FocalLengthIn35mmFilm" value="27"/>
          <property name="Exif/ISOSpeedRatings" value="800"/>
          <property name="Exif/Make" value="NIKON CORPORATION"/>
          <property name="Exif/Model" value="NIKON D5100"/>
          <property name="Exif/Orientation" value="6"/>
          <property name="Exif/Software" value="Ver.1.01 "/>
          <property name="File/ImageHeight" value="3264"/>
          <property name="File/ImageWidth" value="4928"/>
          <property name="System/FileModifyDate" value="2016:06:09 22:28:22"/>
          <property name="System/FileSize" value="6522944"/>
        </meta>
      </photo>
    </camera>
    <camera camera_id="3">
      <photo path="../../../images/DSC_0654.JPG">
        <meta>
          <property name="Exif/DateTime" value="2016:05:11 18:32:27"/>
          <property name="Exif/DateTimeOriginal" value="2016:05:11 18:32:27"/>
          <property name="Exif/ExposureTime" value="0.025"/>
          <property name="Exif/FNumber" value="3.5"/>
          <property name="Exif/FocalLength" value="18"/>
          <property name="Exif/FocalLengthIn35mmFilm" value="27"/>
          <property name="Exif/ISOSpeedRatings" value="800"/>
          <property name="Exif/Make" value="NIKON CORPORATION"/>
          <property name="Exif/Model" value="NIKON D5100"/>
          <property name="Exif/Orientation" value="6"/>
          <property name="Exif/Software" value="Ver.1.01 "/>
          <property name="File/ImageHeight" value="3264"/>
          <property name="File/ImageWidth" value="4928"/>
          <property name="System/FileModifyDate" value="2016:06:09 22:28:22"/>
          <property name="System/FileSize" value="6535433"/>
        </meta>
      </photo>
    </camera>
    <camera camera_id="4">
      <photo path="../../../images/DSC_0655.JPG">
        <meta>
          <property name="Exif/DateTime" value="2016:05:11 18:32:29"/>
          <property name="Exif/DateTimeOriginal" value="2016:05:11 18:32:29"/>
          <property name="Exif/ExposureTime" value="0.025"/>
          <property name="Exif/FNumber" value="3.5"/>
          <property name="Exif/FocalLength" value="18"/>
          <property name="Exif/FocalLengthIn35mmFilm" value="27"/>
          <property name="Exif/ISOSpeedRatings" value="800"/>
          <property name="Exif/Make" value="NIKON CORPORATION"/>
          <property name="Exif/Model" value="NIKON D5100"/>
          <property name="Exif/Orientation" value="6"/>
          <property name="Exif/Software" value="Ver.1.01 "/>
          <property name="File/ImageHeight" value="3264"/>
          <property name="File/ImageWidth" value="4928"/>
          <property name="System/FileModifyDate" value="2016:06:09 22:28:22"/>
          <property name="System/FileSize" value="6466641"/>
        </meta>
      </photo>
    </camera>
    <camera camera_id="5">
      <photo path="../../../images/DSC_0656.JPG">
        <meta>
          <property name="Exif/DateTime" value="2016:05:11 18:32:31"/>
          <property name="Exif/DateTimeOriginal" value="2016:05:11 18:32:31"/>
          <property name="Exif/ExposureTime" value="0.0333333333333333"/>
          <property name="Exif/FNumber" value="3.5"/>
          <property name="Exif/FocalLength" value="18"/>
          <property name="Exif/FocalLengthIn35mmFilm" value="27"/>
          <property name="Exif/ISOSpeedRatings" value="800"/>
          <property name="Exif/Make" value="NIKON CORPORATION"/>
          <property name="Exif/Model" value="NIKON D5100"/>
          <property name="Exif/Orientation" value="6"/>
          <property name="Exif/Software" value="Ver.1.01 "/>
          <property name="File/ImageHeight" value="3264"/>
          <property name="File/ImageWidth" value="4928"/>
          <property name="System/FileModifyDate" value="2016:06:09 22:28:23"/>
          <property name="System/FileSize" value="6581777"/>
        </meta>
      </photo>
    </camera>
    <camera camera_id="6">
      <photo path="../../../images/DSC_0657.JPG">
        <meta>
          <property name="Exif/DateTime" value="2016:05:11 18:32:33"/>
          <property name="Exif/DateTimeOriginal" value="2016:05:11 18:32:33"/>
          <property name="Exif/ExposureTime" value="0.0333333333333333"/>
          <property name="Exif/FNumber" value="3.5"/>
          <property name="Exif/FocalLength" value="18"/>
          <property name="Exif/FocalLengthIn35mmFilm" value="27"/>
          <property name="Exif/ISOSpeedRatings" value="1000"/>
          <property name="Exif/Make" value="NIKON CORPORATION"/>
          <property name="Exif/Model" value="NIKON D5100"/>
          <property name="Exif/Orientation" value="6"/>
          <property name="Exif/Software" value="Ver.1.01 "/>
          <property name="File/ImageHeight" value="3264"/>
          <property name="File/ImageWidth" value="4928"/>
          <property name="System/FileModifyDate" value="2016:06:09 22:28:23"/>
          <property name="System/FileSize" value="6863426"/>
        </meta>
      </photo>
    </camera>
    <camera camera_id="7">
      <photo path="../../../images/DSC_0658.JPG">
        <meta>
          <property name="Exif/DateTime" value="2016:05:11 18:32:36"/>
          <property name="Exif/DateTimeOriginal" value="2016:05:11 18:32:36"/>
          <property name="Exif/ExposureTime" value="0.0333333333333333"/>
          <property name="Exif/FNumber" value="3.5"/>
          <property name="Exif/FocalLength" value="18"/>
          <property name="Exif/FocalLengthIn35mmFilm" value="27"/>
          <property name="Exif/ISOSpeedRatings" value="1400"/>
          <property name="Exif/Make" value="NIKON CORPORATION"/>
          <property name="Exif/Model" value="NIKON D5100"/>
          <property name="Exif/Orientation" value="6"/>
          <property name="Exif/Software" value="Ver.1.01 "/>
          <property name="File/ImageHeight" value="3264"/>
          <property name="File/ImageWidth" value="4928"/>
          <property name="System/FileModifyDate" value="2016:06:09 22:28:23"/>
          <property name="System/FileSize" value="7067400"/>
        </meta>
      </photo>
    </camera>
    <camera camera_id="8">
      <photo path="../../../images/DSC_0659.JPG">
        <meta>
          <property name="Exif/DateTime" value="2016:05:11 18:32:41"/>
          <property name="Exif/DateTimeOriginal" value="2016:05:11 18:32:41"/>
          <property name="Exif/ExposureTime" value="0.02"/>
          <property name="Exif/FNumber" value="3.5"/>
          <property name="Exif/FocalLength" value="18"/>
          <property name="Exif/FocalLengthIn35mmFilm" value="27"/>
          <property name="Exif/ISOSpeedRatings" value="800"/>
          <property name="Exif/Make" value="NIKON CORPORATION"/>
          <property name="Exif/Model" value="NIKON D5100"/>
          <property name="Exif/Orientation" value="6"/>
          <property name="Exif/Software" value="Ver.1.01 "/>
          <property name="File/ImageHeight" value="3264"/>
          <property name="File/ImageWidth" value="4928"/>
          <property name="System/FileModifyDate" value="2016:06:09 22:28:23"/>
          <property name="System/FileSize" value="6349825"/>
        </meta>
      </photo>
    </camera>
    <camera camera_id="9">
      <photo path="../../../images/DSC_0660.JPG">
        <meta>
          <property name="Exif/DateTime" value="2016:05:11 18:32:43"/>
          <property name="Exif/DateTimeOriginal" value="2016:05:11 18:32:43"/>
          <property name="Exif/ExposureTime" value="0.025"/>
          <property name="Exif/FNumber" value="3.5"/>
          <property name="Exif/FocalLength" value="18"/>
          <property name="Exif/FocalLengthIn35mmFilm" value="27"/>
          <property name="Exif/ISOSpeedRatings" value="800"/>
          <property name="Exif/Make" value="NIKON CORPORATION"/>
          <property name="Exif/Model" value="NIKON D5100"/>
          <property name="Exif/Orientation" value="6"/>
          <property name="Exif/Software" value="Ver.1.01 "/>
          <property name="File/ImageHeight" value="3264"/>
          <property name="File/ImageWidth" value="4928"/>
          <property name="System/FileModifyDate" value="2016:06:09 22:28:23"/>
          <property name="System/FileSize" value="6203173"/>
        </meta>
      </photo>
    </camera>
    <camera camera_id="10">
      <photo path="../../../images/DSC_0661.JPG">
        <meta>
          <property name="Exif/DateTime" value="2016:05:11 18:32:44"/>
          <property name="Exif/DateTimeOriginal" value="2016:05:11 18:32:44"/>
          <property name="Exif/ExposureTime" value="0.0333333333333333"/>
          <property name="Exif/FNumber" value="3.5"/>
          <property name="Exif/FocalLength" value="18"/>
          <property name="Exif/FocalLengthIn35mmFilm" value="27"/>
          <property name="Exif/ISOSpeedRatings" value="1000"/>
          <property name="Exif/Make" value="NIKON CORPORATION"/>
          <property name="Exif/Model" value="NIKON D5100"/>
          <property name="Exif/Orientation" value="6"/>
          <property name="Exif/Software" value="Ver.1.01 "/>
          <property name="File/ImageHeight" value="3264"/>
          <property name="File/ImageWidth" value="4928"/>
          <property name="System/FileModifyDate" value="2016:06:09 22:28:23"/>
          <property name="System/FileSize" value="6570537"/>
        </meta>
      </photo>
    </camera>
    <camera camera_id="11">
      <photo path="../../../images/DSC_0662.JPG">
        <meta>
          <property name="Exif/DateTime" value="2016:05:11 18:32:46"/>
          <property name="Exif/DateTimeOriginal" value="2016:05:11 18:32:46"/>
          <property name="Exif/ExposureTime" value="0.0333333333333333"/>
          <property name="Exif/FNumber" value="3.5"/>
          <property name="Exif/FocalLength" value="18"/>
          <property name="Exif/FocalLengthIn35mmFilm" value="27"/>
          <property name="Exif/ISOSpeedRatings" value="1000"/>
          <property name="Exif/Make" value="NIKON CORPORATION"/>
          <property name="Exif/Model" value="NIKON D5100"/>
          <property name="Exif/Orientation" value="6"/>
          <property name="Exif/Software" value="Ver.1.01 "/>
          <property name="File/ImageHeight" value="3264"/>
          <property name="File/ImageWidth" value="4928"/>
          <property name="System/FileModifyDate" value="2016:06:09 22:28:23"/>
          <property name="System/FileSize" value="6581360"/>
        </meta>
      </photo>
    </camera>
    <camera camera_id="12">
      <photo path="../../../images/DSC_0663.JPG">
        <meta>
          <property name="Exif/DateTime" value="2016:05:11 18:32:48"/>
          <property name="Exif/DateTimeOriginal" value="2016:05:11 18:32:48"/>
          <property name="Exif/ExposureTime" value="0.0333333333333333"/>
          <property name="Exif/FNumber" value="3.5"/>
          <property name="Exif/FocalLength" value="18"/>
          <property name="Exif/FocalLengthIn35mmFilm" value="27"/>
          <property name="Exif/ISOSpeedRatings" value="800"/>
          <property name="Exif/Make" value="NIKON CORPORATION"/>
          <property name="Exif/Model" value="NIKON D5100"/>
          <property name="Exif/Orientation" value="6"/>
          <property name="Exif/Software" value="Ver.1.01 "/>
          <property name="File/ImageHeight" value="3264"/>
          <property name="File/ImageWidth" value="4928"/>
          <property name="System/FileModifyDate" value="2016:06:09 22:28:23"/>
          <property name="System/FileSize" value="6459593"/>
        </meta>
      </photo>
    </camera>
    <camera camera_id="13">
      <photo path="../../../images/DSC_0664.JPG">
        <meta>
          <property name="Exif/DateTime" value="2016:05:11 18:32:51"/>
          <property name="Exif/DateTimeOriginal" value="2016:05:11 18:32:51"/>
          <property name="Exif/ExposureTime" value="0.02"/>
          <property name="Exif/FNumber" value="3.5"/>
          <property name="Exif/FocalLength" value="18"/>
          <property name="Exif/FocalLengthIn35mmFilm" value="27"/>
          <property name="Exif/ISOSpeedRatings" value="800"/>
          <property name="Exif/Make" value="NIKON CORPORATION"/>
          <property name="Exif/Model" value="NIKON D5100"/>
          <property name="Exif/Orientation" value="6"/>
          <property name="Exif/Software" value="Ver.1.01 "/>
          <property name="File/ImageHeight" value="3264"/>
          <property name="File/ImageWidth" value="4928"/>
          <property name="System/FileModifyDate" value="2016:06:09 22:28:23"/>
          <property name="System/FileSize" value="6426698"/>
        </meta>
      </photo>
    </camera>
    <camera camera_id="14">
      <photo path="../../../images/DSC_0665.JPG">
        <meta>
          <property name="Exif/DateTime" value="2016:05:11 18:32:53"/>
          <property name="Exif/DateTimeOriginal" value="2016:05:11 18:32:53"/>
          <property name="Exif/ExposureTime" value="0.02"/>
          <property name="Exif/FNumber" value="3.5"/>
          <property name="Exif/FocalLength" value="18"/>
          <property name="Exif/FocalLengthIn35mmFilm" value="27"/>
          <property name="Exif/ISOSpeedRatings" value="800"/>
          <property name="Exif/Make" value="NIKON CORPORATION"/>
          <property name="Exif/Model" value="NIKON D5100"/>
          <property name="Exif/Orientation" value="6"/>
          <property name="Exif/Software" value="Ver.1.01 "/>
          <property name="File/ImageHeight" value="3264"/>
          <property name="File/ImageWidth" value="4928"/>
          <property name="System/FileModifyDate" value="2016:06:09 22:28:23"/>
          <property name="System/FileSize" value="6614513"/>
        </meta>
      </photo>
    </camera>
    <camera camera_id="15">
      <photo path="../../../images/DSC_0666.JPG">
        <meta>
          <property name="Exif/DateTime" value="2016:05:11 18:32:55"/>
          <property name="Exif/DateTimeOriginal" value="2016:05:11 18:32:55"/>
          <property name="Exif/ExposureTime" value="0.02"/>
          <property name="Exif/FNumber" value="3.5"/>
          <property name="Exif/FocalLength" value="18"/>
          <property name="Exif/FocalLengthIn35mmFilm" value="27"/>
          <property name="Exif/ISOSpeedRatings" value="800"/>
          <property name="Exif/Make" value="NIKON CORPORATION"/>
          <property name="Exif/Model" value="NIKON D5100"/>
          <property name="Exif/Orientation" value="6"/>
          <property name="Exif/Software" value="Ver.1.01 "/>
          <property name="File/ImageHeight" value="3264"/>
          <property name="File/ImageWidth" value="4928"/>
          <property name="System/FileModifyDate" value="2016:06:09 22:28:23"/>
          <property name="System/FileSize" value="6612270"/>
        </meta>
      </photo>
    </camera>
    <camera camera_id="16">
      <photo path="../../../images/DSC_0667.JPG">
        <meta>
          <property name="Exif/DateTime" value="2016:05:11 18:32:57"/>
          <property name="Exif/DateTimeOriginal" value="2016:05:11 18:32:57"/>
          <property name="Exif/ExposureTime" value="0.02"/>
          <property name="Exif/FNumber" value="3.5"/>
          <property name="Exif/FocalLength" value="18"/>
          <property name="Exif/FocalLengthIn35mmFilm" value="27"/>
          <property name="Exif/ISOSpeedRatings" value="800"/>
          <property name="Exif/Make" value="NIKON CORPORATION"/>
          <property name="Exif/Model" value="NIKON D5100"/>
          <property name="Exif/Orientation" value="6"/>
          <property name="Exif/Software" value="Ver.1.01 "/>
          <property name="File/ImageHeight" value="3264"/>
          <property name="File/ImageWidth" value="4928"/>
          <property name="System/FileModifyDate" value="2016:06:09 22:28:24"/>
          <property name="System/FileSize" value="6568768"/>
        </meta>
      </photo>
    </camera>
    <camera camera_id="17">
      <photo path="../../../images/DSC_0668.JPG">
        <meta>
          <property name="Exif/DateTime" value="2016:05:11 18:32:58"/>
          <property name="Exif/DateTimeOriginal" value="2016:05:11 18:32:58"/>
          <property name="Exif/ExposureTime" value="0.02"/>
          <property name="Exif/FNumber" value="3.5"/>
          <property name="Exif/FocalLength" value="18"/>
          <property name="Exif/FocalLengthIn35mmFilm" value="27"/>
          <property name="Exif/ISOSpeedRatings" value="800"/>
          <property name="Exif/Make" value="NIKON CORPORATION"/>
          <property name="Exif/Model" value="NIKON D5100"/>
          <property name="Exif/Orientation" value="6"/>
          <property name="Exif/Software" value="Ver.1.01 "/>
          <property name="File/ImageHeight" value="3264"/>
          <property name="File/ImageWidth" value="4928"/>
          <property name="System/FileModifyDate" value="2016:06:09 22:28:24"/>
          <property name="System/FileSize" value="6558015"/>
        </meta>
      </photo>
    </camera>
    <camera camera_id="18">
      <photo path="../../../images/DSC_0669.JPG">
        <meta>
          <property name="Exif/DateTime" value="2016:05:11 18:33:00"/>
          <property name="Exif/DateTimeOriginal" value="2016:05:11 18:33:00"/>
          <property name="Exif/ExposureTime" value="0.025"/>
          <property name="Exif/FNumber" value="3.5"/>
          <property name="Exif/FocalLength" value="18"/>
          <property name="Exif/FocalLengthIn35mmFilm" value="27"/>
          <property name="Exif/ISOSpeedRatings" value="800"/>
          <property name="Exif/Make" value="NIKON CORPORATION"/>
          <property name="Exif/Model" value="NIKON D5100"/>
          <property name="Exif/Orientation" value="6"/>
          <property name="Exif/Software" value="Ver.1.01 "/>
          <property name="File/ImageHeight" value="3264"/>
          <property name="File/ImageWidth" value="4928"/>
          <property name="System/FileModifyDate" value="2016:06:09 22:28:24"/>
          <property name="System/FileSize" value="6513956"/>
        </meta>
      </photo>
    </camera>
    <camera camera_id="19">
      <photo path="../../../images/DSC_0670.JPG">
        <meta>
          <property name="Exif/DateTime" value="2016:05:11 18:33:05"/>
          <property name="Exif/DateTimeOriginal" value="2016:05:11 18:33:05"/>
          <property name="Exif/ExposureTime" value="0.0333333333333333"/>
          <property name="Exif/FNumber" value="3.5"/>
          <property name="Exif/FocalLength" value="18"/>
          <property name="Exif/FocalLengthIn35mmFilm" value="27"/>
          <property name="Exif/ISOSpeedRatings" value="800"/>
          <property name="Exif/Make" value="NIKON CORPORATION"/>
          <property name="Exif/Model" value="NIKON D5100"/>
          <property name="Exif/Orientation" value="6"/>
          <property name="Exif/Software" value="Ver.1.01 "/>
          <property name="File/ImageHeight" value="3264"/>
          <property name="File/ImageWidth" value="4928"/>
          <property name="System/FileModifyDate" value="2016:06:09 22:28:24"/>
          <property name="System/FileSize" value="6813815"/>
        </meta>
      </photo>
    </camera>
    <camera camera_id="20">
      <photo path="../../../images/DSC_0671.JPG">
        <meta>
          <property name="Exif/DateTime" value="2016:05:11 18:33:07"/>
          <property name="Exif/DateTimeOriginal" value="2016:05:11 18:33:07"/>
          <property name="Exif/ExposureTime" value="0.0333333333333333"/>
          <property name="Exif/FNumber" value="3.5"/>
          <property name="Exif/FocalLength" value="18"/>
          <property name="Exif/FocalLengthIn35mmFilm" value="27"/>
          <property name="Exif/ISOSpeedRatings" value="1250"/>
          <property name="Exif/Make" value="NIKON CORPORATION"/>
          <property name="Exif/Model" value="NIKON D5100"/>
          <property name="Exif/Orientation" value="6"/>
          <property name="Exif/Software" value="Ver.1.01 "/>
          <property name="File/ImageHeight" value="3264"/>
          <property name="File/ImageWidth" value="4928"/>
          <property name="System/FileModifyDate" value="2016:06:09 22:28:24"/>
          <property name="System/FileSize" value="6810753"/>
        </meta>
      </photo>
    </camera>
    <camera camera_id="21">
      <photo path="../../../images/DSC_0672.JPG">
        <meta>
          <property name="Exif/DateTime" value="2016:05:11 18:33:09"/>
          <property name="Exif/DateTimeOriginal" value="2016:05:11 18:33:09"/>
          <property name="Exif/ExposureTime" value="0.0333333333333333"/>
          <property name="Exif/FNumber" value="3.5"/>
          <property name="Exif/FocalLength" value="18"/>
          <property name="Exif/FocalLengthIn35mmFilm" value="27"/>
          <property name="Exif/ISOSpeedRatings" value="800"/>
          <property name="Exif/Make" value="NIKON CORPORATION"/>
          <property name="Exif/Model" value="NIKON D5100"/>
          <property name="Exif/Orientation" value="6"/>
          <property name="Exif/Software" value="Ver.1.01 "/>
          <property name="File/ImageHeight" value="3264"/>
          <property name="File/ImageWidth" value="4928"/>
          <property name="System/FileModifyDate" value="2016:06:09 22:28:24"/>
          <property name="System/FileSize" value="6769603"/>
        </meta>
      </photo>
    </camera>
    <camera camera_id="22">
      <photo path="../../../images/DSC_0673.JPG">
        <meta>
          <property name="Exif/DateTime" value="2016:05:11 18:33:11"/>
          <property name="Exif/DateTimeOriginal" value="2016:05:11 18:33:11"/>
          <property name="Exif/ExposureTime" value="0.0333333333333333"/>
          <property name="Exif/FNumber" value="3.5"/>
          <property name="Exif/FocalLength" value="18"/>
          <property name="Exif/FocalLengthIn35mmFilm" value="27"/>
          <property name="Exif/ISOSpeedRatings" value="800"/>
          <property name="Exif/Make" value="NIKON CORPORATION"/>
          <property name="Exif/Model" value="NIKON D5100"/>
          <property name="Exif/Orientation" value="6"/>
          <property name="Exif/Software" value="Ver.1.01 "/>
          <property name="File/ImageHeight" value="3264"/>
          <property name="File/ImageWidth" value="4928"/>
          <property name="System/FileModifyDate" value="2016:06:09 22:28:24"/>
          <property name="System/FileSize" value="6700165"/>
        </meta>
      </photo>
    </camera>
    <camera camera_id="23">
      <photo path="../../../images/DSC_0674.JPG">
        <meta>
          <property name="Exif/DateTime" value="2016:05:11 18:33:12"/>
          <property name="Exif/DateTimeOriginal" value="2016:05:11 18:33:12"/>
          <property name="Exif/ExposureTime" value="0.025"/>
          <property name="Exif/FNumber" value="3.5"/>
          <property name="Exif/FocalLength" value="18"/>
          <property name="Exif/FocalLengthIn35mmFilm" value="27"/>
          <property name="Exif/ISOSpeedRatings" value="800"/>
          <property name="Exif/Make" value="NIKON CORPORATION"/>
          <property name="Exif/Model" value="NIKON D5100"/>
          <property name="Exif/Orientation" value="6"/>
          <property name="Exif/Software" value="Ver.1.01 "/>
          <property name="File/ImageHeight" value="3264"/>
          <property name="File/ImageWidth" value="4928"/>
          <property name="System/FileModifyDate" value="2016:06:09 22:28:24"/>
          <property name="System/FileSize" value="6529009"/>
        </meta>
      </photo>
    </camera>
    <camera camera_id="24">
      <photo path="../../../images/DSC_0675.JPG">
        <meta>
          <property name="Exif/DateTime" value="2016:05:11 18:33:15"/>
          <property name="Exif/DateTimeOriginal" value="2016:05:11 18:33:15"/>
          <property name="Exif/ExposureTime" value="0.025"/>
          <property name="Exif/FNumber" value="3.5"/>
          <property name="Exif/FocalLength" value="18"/>
          <property name="Exif/FocalLengthIn35mmFilm" value="27"/>
          <property name="Exif/ISOSpeedRatings" value="800"/>
          <property name="Exif/Make" value="NIKON CORPORATION"/>
          <property name="Exif/Model" value="NIKON D5100"/>
          <property name="Exif/Orientation" value="6"/>
          <property name="Exif/Software" value="Ver.1.01 "/>
          <property name="File/ImageHeight" value="3264"/>
          <property name="File/ImageWidth" value="4928"/>
          <property name="System/FileModifyDate" value="2016:06:09 22:28:24"/>
          <property name="System/FileSize" value="6421536"/>
        </meta>
      </photo>
    </camera>
    <camera camera_id="25">
      <photo path="../../../images/DSC_0676.JPG">
        <meta>
          <property name="Exif/DateTime" value="2016:05:11 18:33:16"/>
          <property name="Exif/DateTimeOriginal" value="2016:05:11 18:33:16"/>
          <property name="Exif/ExposureTime" value="0.025"/>
          <property name="Exif/FNumber" value="3.5"/>
          <property name="Exif/FocalLength" value="18"/>
          <property name="Exif/FocalLengthIn35mmFilm" value="27"/>
          <property name="Exif/ISOSpeedRatings" value="800"/>
          <property name="Exif/Make" value="NIKON CORPORATION"/>
          <property name="Exif/Model" value="NIKON D5100"/>
          <property name="Exif/Orientation" value="6"/>
          <property name="Exif/Software" value="Ver.1.01 "/>
          <property name="File/ImageHeight" value="3264"/>
          <property name="File/ImageWidth" value="4928"/>
          <property name="System/FileModifyDate" value="2016:06:09 22:28:24"/>
          <property name="System/FileSize" value="6453763"/>
        </meta>
      </photo>
    </camera>
    <camera camera_id="26">
      <photo path="../../../images/DSC_0677.JPG">
        <meta>
          <property name="Exif/DateTime" value="2016:05:11 18:33:18"/>
          <property name="Exif/DateTimeOriginal" value="2016:05:11 18:33:18"/>
          <property name="Exif/ExposureTime" value="0.02"/>
          <property name="Exif/FNumber" value="3.5"/>
          <property name="Exif/FocalLength" value="18"/>
          <property name="Exif/FocalLengthIn35mmFilm" value="27"/>
          <property name="Exif/ISOSpeedRatings" value="800"/>
          <property name="Exif/Make" value="NIKON CORPORATION"/>
          <property name="Exif/Model" value="NIKON D5100"/>
          <property name="Exif/Orientation" value="6"/>
          <property name="Exif/Software" value="Ver.1.01 "/>
          <property name="File/ImageHeight" value="3264"/>
          <property name="File/ImageWidth" value="4928"/>
          <property name="System/FileModifyDate" value="2016:06:09 22:28:24"/>
          <property name="System/FileSize" value="6449744"/>
        </meta>
      </photo>
    </camera>
    <camera camera_id="27">
      <photo path="../../../images/DSC_0678.JPG">
        <meta>
          <property name="Exif/DateTime" value="2016:05:11 18:33:20"/>
          <property name="Exif/DateTimeOriginal" value="2016:05:11 18:33:20"/>
          <property name="Exif/ExposureTime" value="0.02"/>
          <property name="Exif/FNumber" value="3.5"/>
          <property name="Exif/FocalLength" value="18"/>
          <property name="Exif/FocalLengthIn35mmFilm" value="27"/>
          <property name="Exif/ISOSpeedRatings" value="800"/>
          <property name="Exif/Make" value="NIKON CORPORATION"/>
          <property name="Exif/Model" value="NIKON D5100"/>
          <property name="Exif/Orientation" value="6"/>
          <property name="Exif/Software" value="Ver.1.01 "/>
          <property name="File/ImageHeight" value="3264"/>
          <property name="File/ImageWidth" value="4928"/>
          <property name="System/FileModifyDate" value="2016:06:09 22:28:25"/>
          <property name="System/FileSize" value="6470820"/>
        </meta>
      </photo>
    </camera>
    <camera camera_id="28">
      <photo path="../../../images/DSC_0679.JPG">
        <meta>
          <property name="Exif/DateTime" value="2016:05:11 18:33:27"/>
          <property name="Exif/DateTimeOriginal" value="2016:05:11 18:33:27"/>
          <property name="Exif/ExposureTime" value="0.025"/>
          <property name="Exif/FNumber" value="3.5"/>
          <property name="Exif/FocalLength" value="18"/>
          <property name="Exif/FocalLengthIn35mmFilm" value="27"/>
          <property name="Exif/ISOSpeedRatings" value="800"/>
          <property name="Exif/Make" value="NIKON CORPORATION"/>
          <property name="Exif/Model" value="NIKON D5100"/>
          <property name="Exif/Orientation" value="6"/>
          <property name="Exif/Software" value="Ver.1.01 "/>
          <property name="File/ImageHeight" value="3264"/>
          <property name="File/ImageWidth" value="4928"/>
          <property name="System/FileModifyDate" value="2016:06:09 22:28:25"/>
          <property name="System/FileSize" value="6293450"/>
        </meta>
      </photo>
    </camera>
    <camera camera_id="29">
      <photo path="../../../images/DSC_0680.JPG">
        <meta>
          <property name="Exif/DateTime" value="2016:05:11 18:33:28"/>
          <property name="Exif/DateTimeOriginal" value="2016:05:11 18:33:28"/>
          <property name="Exif/ExposureTime" value="0.025"/>
          <property name="Exif/FNumber" value="3.5"/>
          <property name="Exif/FocalLength" value="18"/>
          <property name="Exif/FocalLengthIn35mmFilm" value="27"/>
          <property name="Exif/ISOSpeedRatings" value="800"/>
          <property name="Exif/Make" value="NIKON CORPORATION"/>
          <property name="Exif/Model" value="NIKON D5100"/>
          <property name="Exif/Orientation" value="6"/>
          <property name="Exif/Software" value="Ver.1.01 "/>
          <property name="File/ImageHeight" value="3264"/>
          <property name="File/ImageWidth" value="4928"/>
          <property name="System/FileModifyDate" value="2016:06:09 22:28:25"/>
          <property name="System/FileSize" value="6306461"/>
        </meta>
      </photo>
    </camera>
    <camera camera_id="30">
      <photo path="../../../images/DSC_0681.JPG">
        <meta>
          <property name="Exif/DateTime" value="2016:05:11 18:33:30"/>
          <property name="Exif/DateTimeOriginal" value="2016:05:11 18:33:30"/>
          <property name="Exif/ExposureTime" value="0.025"/>
          <property name="Exif/FNumber" value="3.5"/>
          <property name="Exif/FocalLength" value="18"/>
          <property name="Exif/FocalLengthIn35mmFilm" value="27"/>
          <property name="Exif/ISOSpeedRatings" value="800"/>
          <property name="Exif/Make" value="NIKON CORPORATION"/>
          <property name="Exif/Model" value="NIKON D5100"/>
          <property name="Exif/Orientation" value="6"/>
          <property name="Exif/Software" value="Ver.1.01 "/>
          <property name="File/ImageHeight" value="3264"/>
          <property name="File/ImageWidth" value="4928"/>
          <property name="System/FileModifyDate" value="2016:06:09 22:28:25"/>
          <property name="System/FileSize" value="6301743"/>
        </meta>
      </photo>
    </camera>
    <camera camera_id="31">
      <photo path="../../../images/DSC_0682.JPG">
        <meta>
          <property name="Exif/DateTime" value="2016:05:11 18:33:32"/>
          <property name="Exif/DateTimeOriginal" value="2016:05:11 18:33:32"/>
          <property name="Exif/ExposureTime" value="0.025"/>
          <property name="Exif/FNumber" value="3.5"/>
          <property name="Exif/FocalLength" value="18"/>
          <property name="Exif/FocalLengthIn35mmFilm" value="27"/>
          <property name="Exif/ISOSpeedRatings" value="800"/>
          <property name="Exif/Make" value="NIKON CORPORATION"/>
          <property name="Exif/Model" value="NIKON D5100"/>
          <property name="Exif/Orientation" value="6"/>
          <property name="Exif/Software" value="Ver.1.01 "/>
          <property name="File/ImageHeight" value="3264"/>
          <property name="File/ImageWidth" value="4928"/>
          <property name="System/FileModifyDate" value="2016:06:09 22:28:25"/>
          <property name="System/FileSize" value="6449317"/>
        </meta>
      </photo>
    </camera>
    <camera camera_id="32">
      <photo path="../../../images/DSC_0683.JPG">
        <meta>
          <property name="Exif/DateTime" value="2016:05:11 18:33:35"/>
          <property name="Exif/DateTimeOriginal" value="2016:05:11 18:33:35"/>
          <property name="Exif/ExposureTime" value="0.025"/>
          <property name="Exif/FNumber" value="3.5"/>
          <property name="Exif/FocalLength" value="18"/>
          <property name="Exif/FocalLengthIn35mmFilm" value="27"/>
          <property name="Exif/ISOSpeedRatings" value="800"/>
          <property name="Exif/Make" value="NIKON CORPORATION"/>
          <property name="Exif/Model" value="NIKON D5100"/>
          <property name="Exif/Orientation" value="6"/>
          <property name="Exif/Software" value="Ver.1.01 "/>
          <property name="File/ImageHeight" value="3264"/>
          <property name="File/ImageWidth" value="4928"/>
          <property name="System/FileModifyDate" value="2016:06:09 22:28:25"/>
          <property name="System/FileSize" value="6321296"/>
        </meta>
      </photo>
    </camera>
    <camera camera_id="33">
      <photo path="../../../images/DSC_0684.JPG">
        <meta>
          <property name="Exif/DateTime" value="2016:05:11 18:33:37"/>
          <property name="Exif/DateTimeOriginal" value="2016:05:11 18:33:37"/>
          <property name="Exif/ExposureTime" value="0.0333333333333333"/>
          <property name="Exif/FNumber" value="3.5"/>
          <property name="Exif/FocalLength" value="18"/>
          <property name="Exif/FocalLengthIn35mmFilm" value="27"/>
          <property name="Exif/ISOSpeedRatings" value="800"/>
          <property name="Exif/Make" value="NIKON CORPORATION"/>
          <property name="Exif/Model" value="NIKON D5100"/>
          <property name="Exif/Orientation" value="6"/>
          <property name="Exif/Software" value="Ver.1.01 "/>
          <property name="File/ImageHeight" value="3264"/>
          <property name="File/ImageWidth" value="4928"/>
          <property name="System/FileModifyDate" value="2016:06:09 22:28:25"/>
          <property name="System/FileSize" value="6501012"/>
        </meta>
      </photo>
    </camera>
    <camera camera_id="34">
      <photo path="../../../images/DSC_0685.JPG">
        <meta>
          <property name="Exif/DateTime" value="2016:05:11 18:33:43"/>
          <property name="Exif/DateTimeOriginal" value="2016:05:11 18:33:43"/>
          <property name="Exif/ExposureTime" value="0.02"/>
          <property name="Exif/FNumber" value="3.5"/>
          <property name="Exif/FocalLength" value="18"/>
          <property name="Exif/FocalLengthIn35mmFilm" value="27"/>
          <property name="Exif/ISOSpeedRatings" value="800"/>
          <property name="Exif/Make" value="NIKON CORPORATION"/>
          <property name="Exif/Model" value="NIKON D5100"/>
          <property name="Exif/Orientation" value="6"/>
          <property name="Exif/Software" value="Ver.1.01 "/>
          <property name="File/ImageHeight" value="3264"/>
          <property name="File/ImageWidth" value="4928"/>
          <property name="System/FileModifyDate" value="2016:06:09 22:28:25"/>
          <property name="System/FileSize" value="6713739"/>
        </meta>
      </photo>
    </camera>
    <camera camera_id="35">
      <photo path="../../../images/DSC_0686.JPG">
        <meta>
          <property name="Exif/DateTime" value="2016:05:11 18:33:45"/>
          <property name="Exif/DateTimeOriginal" value="2016:05:11 18:33:45"/>
          <property name="Exif/ExposureTime" value="0.0166666666666667"/>
          <property name="Exif/FNumber" value="4"/>
          <property name="Exif/FocalLength" value="18"/>
          <property name="Exif/FocalLengthIn35mmFilm" value="27"/>
          <property name="Exif/ISOSpeedRatings" value="800"/>
          <property name="Exif/Make" value="NIKON CORPORATION"/>
          <property name="Exif/Model" value="NIKON D5100"/>
          <property name="Exif/Orientation" value="6"/>
          <property name="Exif/Software" value="Ver.1.01 "/>
          <property name="File/ImageHeight" value="3264"/>
          <property name="File/ImageWidth" value="4928"/>
          <property name="System/FileModifyDate" value="2016:06:09 22:28:25"/>
          <property name="System/FileSize" value="6605494"/>
        </meta>
      </photo>
    </camera>
    <camera camera_id="36">
      <photo path="../../../images/DSC_0687.JPG">
        <meta>
          <property name="Exif/DateTime" value="2016:05:11 18:33:46"/>
          <property name="Exif/DateTimeOriginal" value="2016:05:11 18:33:46"/>
          <property name="Exif/ExposureTime" value="0.0166666666666667"/>
          <property name="Exif/FNumber" value="4"/>
          <property name="Exif/FocalLength" value="18"/>
          <property name="Exif/FocalLengthIn35mmFilm" value="27"/>
          <property name="Exif/ISOSpeedRatings" value="800"/>
          <property name="Exif/Make" value="NIKON CORPORATION"/>
          <property name="Exif/Model" value="NIKON D5100"/>
          <property name="Exif/Orientation" value="6"/>
          <property name="Exif/Software" value="Ver.1.01 "/>
          <property name="File/ImageHeight" value="3264"/>
          <property name="File/ImageWidth" value="4928"/>
          <property name="System/FileModifyDate" value="2016:06:09 22:28:25"/>
          <property name="System/FileSize" value="6586343"/>
        </meta>
      </photo>
    </camera>
    <camera camera_id="37">
      <photo path="../../../images/DSC_0688.JPG">
        <meta>
          <property name="Exif/DateTime" value="2016:05:11 18:33:48"/>
          <property name="Exif/DateTimeOriginal" value="2016:05:11 18:33:48"/>
          <property name="Exif/ExposureTime" value="0.0166666666666667"/>
          <property name="Exif/FNumber" value="4"/>
          <property name="Exif/FocalLength" value="18"/>
          <property name="Exif/FocalLengthIn35mmFilm" value="27"/>
          <property name="Exif/ISOSpeedRatings" value="640"/>
          <property name="Exif/Make" value="NIKON CORPORATION"/>
          <property name="Exif/Model" value="NIKON D5100"/>
          <property name="Exif/Orientation" value="6"/>
          <property name="Exif/Software" value="Ver.1.01 "/>
          <property name="File/ImageHeight" value="3264"/>
          <property name="File/ImageWidth" value="4928"/>
          <property name="System/FileModifyDate" value="2016:06:09 22:28:26"/>
          <property name="System/FileSize" value="6173777"/>
        </meta>
      </photo>
    </camera>
    <camera camera_id="38">
      <photo path="../../../images/DSC_0689.JPG">
        <meta>
          <property name="Exif/DateTime" value="2016:05:11 18:33:50"/>
          <property name="Exif/DateTimeOriginal" value="2016:05:11 18:33:50"/>
          <property name="Exif/ExposureTime" value="0.025"/>
          <property name="Exif/FNumber" value="3.5"/>
          <property name="Exif/FocalLength" value="18"/>
          <property name="Exif/FocalLengthIn35mmFilm" value="27"/>
          <property name="Exif/ISOSpeedRatings" value="800"/>
          <property name="Exif/Make" value="NIKON CORPORATION"/>
          <property name="Exif/Model" value="NIKON D5100"/>
          <property name="Exif/Orientation" value="6"/>
          <property name="Exif/Software" value="Ver.1.01 "/>
          <property name="File/ImageHeight" value="3264"/>
          <property name="File/ImageWidth" value="4928"/>
          <property name="System/FileModifyDate" value="2016:06:09 22:28:26"/>
          <property name="System/FileSize" value="6393473"/>
        </meta>
      </photo>
    </camera>
    <camera camera_id="39">
      <photo path="../../../images/DSC_0690.JPG">
        <meta>
          <property name="Exif/DateTime" value="2016:05:11 18:33:51"/>
          <property name="Exif/DateTimeOriginal" value="2016:05:11 18:33:51"/>
          <property name="Exif/ExposureTime" value="0.0333333333333333"/>
          <property name="Exif/FNumber" value="3.5"/>
          <property name="Exif/FocalLength" value="18"/>
          <property name="Exif/FocalLengthIn35mmFilm" value="27"/>
          <property name="Exif/ISOSpeedRatings" value="1000"/>
          <property name="Exif/Make" value="NIKON CORPORATION"/>
          <property name="Exif/Model" value="NIKON D5100"/>
          <property name="Exif/Orientation" value="6"/>
          <property name="Exif/Software" value="Ver.1.01 "/>
          <property name="File/ImageHeight" value="3264"/>
          <property name="File/ImageWidth" value="4928"/>
          <property name="System/FileModifyDate" value="2016:06:09 22:28:26"/>
          <property name="System/FileSize" value="6785585"/>
        </meta>
      </photo>
    </camera>
    <camera camera_id="40">
      <photo path="../../../images/DSC_0691.JPG">
        <meta>
          <property name="Exif/DateTime" value="2016:05:11 18:33:56"/>
          <property name="Exif/DateTimeOriginal" value="2016:05:11 18:33:56"/>
          <property name="Exif/ExposureTime" value="0.025"/>
          <property name="Exif/FNumber" value="3.5"/>
          <property name="Exif/FocalLength" value="18"/>
          <property name="Exif/FocalLengthIn35mmFilm" value="27"/>
          <property name="Exif/ISOSpeedRatings" value="800"/>
          <property name="Exif/Make" value="NIKON CORPORATION"/>
          <property name="Exif/Model" value="NIKON D5100"/>
          <property name="Exif/Orientation" value="6"/>
          <property name="Exif/Software" value="Ver.1.01 "/>
          <property name="File/ImageHeight" value="3264"/>
          <property name="File/ImageWidth" value="4928"/>
          <property name="System/FileModifyDate" value="2016:06:09 22:28:26"/>
          <property name="System/FileSize" value="6367696"/>
        </meta>
      </photo>
    </camera>
    <camera camera_id="41">
      <photo path="../../../images/DSC_0692.JPG">
        <meta>
          <property name="Exif/DateTime" value="2016:05:11 18:33:57"/>
          <property name="Exif/DateTimeOriginal" value="2016:05:11 18:33:57"/>
          <property name="Exif/ExposureTime" value="0.0333333333333333"/>
          <property name="Exif/FNumber" value="3.5"/>
          <property name="Exif/FocalLength" value="18"/>
          <property name="Exif/FocalLengthIn35mmFilm" value="27"/>
          <property name="Exif/ISOSpeedRatings" value="800"/>
          <property name="Exif/Make" value="NIKON CORPORATION"/>
          <property name="Exif/Model" value="NIKON D5100"/>
          <property name="Exif/Orientation" value="6"/>
          <property name="Exif/Software" value="Ver.1.01 "/>
          <property name="File/ImageHeight" value="3264"/>
          <property name="File/ImageWidth" value="4928"/>
          <property name="System/FileModifyDate" value="2016:06:09 22:28:26"/>
          <property name="System/FileSize" value="6451581"/>
        </meta>
      </photo>
    </camera>
    <camera camera_id="42">
      <photo path="../../../images/DSC_0693.JPG">
        <meta>
          <property name="Exif/DateTime" value="2016:05:11 18:33:58"/>
          <property name="Exif/DateTimeOriginal" value="2016:05:11 18:33:58"/>
          <property name="Exif/ExposureTime" value="0.0333333333333333"/>
          <property name="Exif/FNumber" value="3.5"/>
          <property name="Exif/FocalLength" value="18"/>
          <property name="Exif/FocalLengthIn35mmFilm" value="27"/>
          <property name="Exif/ISOSpeedRatings" value="1100"/>
          <property name="Exif/Make" value="NIKON CORPORATION"/>
          <property name="Exif/Model" value="NIKON D5100"/>
          <property name="Exif/Orientation" value="6"/>
          <property name="Exif/Software" value="Ver.1.01 "/>
          <property name="File/ImageHeight" value="3264"/>
          <property name="File/ImageWidth" value="4928"/>
          <property name="System/FileModifyDate" value="2016:06:09 22:28:26"/>
          <property name="System/FileSize" value="6844316"/>
        </meta>
      </photo>
    </camera>
    <camera camera_id="43">
      <photo path="../../../images/DSC_0694.JPG">
        <meta>
          <property name="Exif/DateTime" value="2016:05:11 18:34:00"/>
          <property name="Exif/DateTimeOriginal" value="2016:05:11 18:34:00"/>
          <property name="Exif/ExposureTime" value="0.0333333333333333"/>
          <property name="Exif/FNumber" value="3.5"/>
          <property name="Exif/FocalLength" value="18"/>
          <property name="Exif/FocalLengthIn35mmFilm" value="27"/>
          <property name="Exif/ISOSpeedRatings" value="1100"/>
          <property name="Exif/Make" value="NIKON CORPORATION"/>
          <property name="Exif/Model" value="NIKON D5100"/>
          <property name="Exif/Orientation" value="6"/>
          <property name="Exif/Software" value="Ver.1.01 "/>
          <property name="File/ImageHeight" value="3264"/>
          <property name="File/ImageWidth" value="4928"/>
          <property name="System/FileModifyDate" value="2016:06:09 22:28:26"/>
          <property name="System/FileSize" value="6781690"/>
        </meta>
      </photo>
    </camera>
    <camera camera_id="44">
      <photo path="../../../images/DSC_0695.JPG">
        <meta>
          <property name="Exif/DateTime" value="2016:05:11 18:34:02"/>
          <property name="Exif/DateTimeOriginal" value="2016:05:11 18:34:02"/>
          <property name="Exif/ExposureTime" value="0.025"/>
          <property name="Exif/FNumber" value="3.5"/>
          <property name="Exif/FocalLength" value="18"/>
          <property name="Exif/FocalLengthIn35mmFilm" value="27"/>
          <property name="Exif/ISOSpeedRatings" value="800"/>
          <property name="Exif/Make" value="NIKON CORPORATION"/>
          <property name="Exif/Model" value="NIKON D5100"/>
          <property name="Exif/Orientation" value="6"/>
          <property name="Exif/Software" value="Ver.1.01 "/>
          <property name="File/ImageHeight" value="3264"/>
          <property name="File/ImageWidth" value="4928"/>
          <property name="System/FileModifyDate" value="2016:06:09 22:28:26"/>
          <property name="System/FileSize" value="6234848"/>
        </meta>
      </photo>
    </camera>
    <camera camera_id="45">
      <photo path="../../../images/DSC_0696.JPG">
        <meta>
          <property name="Exif/DateTime" value="2016:05:11 18:34:03"/>
          <property name="Exif/DateTimeOriginal" value="2016:05:11 18:34:03"/>
          <property name="Exif/ExposureTime" value="0.025"/>
          <property name="Exif/FNumber" value="3.5"/>
          <property name="Exif/FocalLength" value="18"/>
          <property name="Exif/FocalLengthIn35mmFilm" value="27"/>
          <property name="Exif/ISOSpeedRatings" value="800"/>
          <property name="Exif/Make" value="NIKON CORPORATION"/>
          <property name="Exif/Model" value="NIKON D5100"/>
          <property name="Exif/Orientation" value="1"/>
          <property name="Exif/Software" value="Ver.1.01 "/>
          <property name="File/ImageHeight" value="3264"/>
          <property name="File/ImageWidth" value="4928"/>
          <property name="System/FileModifyDate" value="2016:06:09 22:28:26"/>
          <property name="System/FileSize" value="6220261"/>
        </meta>
      </photo>
    </camera>
    <camera camera_id="46">
      <photo path="../../../images/DSC_0697.JPG">
        <meta>
          <property name="Exif/DateTime" value="2016:05:11 18:34:04"/>
          <property name="Exif/DateTimeOriginal" value="2016:05:11 18:34:04"/>
          <property name="Exif/ExposureTime" value="0.025"/>
          <property name="Exif/FNumber" value="3.5"/>
          <property name="Exif/FocalLength" value="18"/>
          <property name="Exif/FocalLengthIn35mmFilm" value="27"/>
          <property name="Exif/ISOSpeedRatings" value="800"/>
          <property name="Exif/Make" value="NIKON CORPORATION"/>
          <property name="Exif/Model" value="NIKON D5100"/>
          <property name="Exif/Orientation" value="1"/>
          <property name="Exif/Software" value="Ver.1.01 "/>
          <property name="File/ImageHeight" value="3264"/>
          <property name="File/ImageWidth" value="4928"/>
          <property name="System/FileModifyDate" value="2016:06:09 22:28:27"/>
          <property name="System/FileSize" value="5981948"/>
        </meta>
      </photo>
    </camera>
    <camera camera_id="47">
      <photo path="../../../images/DSC_0698.JPG">
        <meta>
          <property name="Exif/DateTime" value="2016:05:11 18:34:06"/>
          <property name="Exif/DateTimeOriginal" value="2016:05:11 18:34:06"/>
          <property name="Exif/ExposureTime" value="0.02"/>
          <property name="Exif/FNumber" value="3.5"/>
          <property name="Exif/FocalLength" value="18"/>
          <property name="Exif/FocalLengthIn35mmFilm" value="27"/>
          <property name="Exif/ISOSpeedRatings" value="800"/>
          <property name="Exif/Make" value="NIKON CORPORATION"/>
          <property name="Exif/Model" value="NIKON D5100"/>
          <property name="Exif/Orientation" value="6"/>
          <property name="Exif/Software" value="Ver.1.01 "/>
          <property name="File/ImageHeight" value="3264"/>
          <property name="File/ImageWidth" value="4928"/>
          <property name="System/FileModifyDate" value="2016:06:09 22:28:27"/>
          <property name="System/FileSize" value="6388142"/>
        </meta>
      </photo>
    </camera>
    <camera camera_id="48">
      <photo path="../../../images/DSC_0699.JPG">
        <meta>
          <property name="Exif/DateTime" value="2016:05:11 18:34:07"/>
          <property name="Exif/DateTimeOriginal" value="2016:05:11 18:34:07"/>
          <property name="Exif/ExposureTime" value="0.025"/>
          <property name="Exif/FNumber" value="3.5"/>
          <property name="Exif/FocalLength" value="18"/>
          <property name="Exif/FocalLengthIn35mmFilm" value="27"/>
          <property name="Exif/ISOSpeedRatings" value="800"/>
          <property name="Exif/Make" value="NIKON CORPORATION"/>
          <property name="Exif/Model" value="NIKON D5100"/>
          <property name="Exif/Orientation" value="6"/>
          <property name="Exif/Software" value="Ver.1.01 "/>
          <property name="File/ImageHeight" value="3264"/>
          <property name="File/ImageWidth" value="4928"/>
          <property name="System/FileModifyDate" value="2016:06:09 22:28:27"/>
          <property name="System/FileSize" value="6449306"/>
        </meta>
      </photo>
    </camera>
    <camera camera_id="49">
      <photo path="../../../images/DSC_0700.JPG">
        <meta>
          <property name="Exif/DateTime" value="2016:05:11 18:34:09"/>
          <property name="Exif/DateTimeOriginal" value="2016:05:11 18:34:09"/>
          <property name="Exif/ExposureTime" value="0.025"/>
          <property name="Exif/FNumber" value="3.5"/>
          <property name="Exif/FocalLength" value="18"/>
          <property name="Exif/FocalLengthIn35mmFilm" value="27"/>
          <property name="Exif/ISOSpeedRatings" value="800"/>
          <property name="Exif/Make" value="NIKON CORPORATION"/>
          <property name="Exif/Model" value="NIKON D5100"/>
          <property name="Exif/Orientation" value="6"/>
          <property name="Exif/Software" value="Ver.1.01 "/>
          <property name="File/ImageHeight" value="3264"/>
          <property name="File/ImageWidth" value="4928"/>
          <property name="System/FileModifyDate" value="2016:06:09 22:28:27"/>
          <property name="System/FileSize" value="6475667"/>
        </meta>
      </photo>
    </camera>
    <camera camera_id="50">
      <photo path="../../../images/DSC_0701.JPG">
        <meta>
          <property name="Exif/DateTime" value="2016:05:11 18:34:10"/>
          <property name="Exif/DateTimeOriginal" value="2016:05:11 18:34:10"/>
          <property name="Exif/ExposureTime" value="0.02"/>
          <property name="Exif/FNumber" value="3.5"/>
          <property name="Exif/FocalLength" value="18"/>
          <property name="Exif/FocalLengthIn35mmFilm" value="27"/>
          <property name="Exif/ISOSpeedRatings" value="800"/>
          <property name="Exif/Make" value="NIKON CORPORATION"/>
          <property name="Exif/Model" value="NIKON D5100"/>
          <property name="Exif/Orientation" value="6"/>
          <property name="Exif/Software" value="Ver.1.01 "/>
          <property name="File/ImageHeight" value="3264"/>
          <property name="File/ImageWidth" value="4928"/>
          <property name="System/FileModifyDate" value="2016:06:09 22:28:27"/>
          <property name="System/FileSize" value="6674819"/>
        </meta>
      </photo>
    </camera>
    <camera camera_id="51">
      <photo path="../../../images/DSC_0702.JPG">
        <meta>
          <property name="Exif/DateTime" value="2016:05:11 18:34:11"/>
          <property name="Exif/DateTimeOriginal" value="2016:05:11 18:34:11"/>
          <property name="Exif/ExposureTime" value="0.02"/>
          <property name="Exif/FNumber" value="3.5"/>
          <property name="Exif/FocalLength" value="18"/>
          <property name="Exif/FocalLengthIn35mmFilm" value="27"/>
          <property name="Exif/ISOSpeedRatings" value="800"/>
          <property name="Exif/Make" value="NIKON CORPORATION"/>
          <property name="Exif/Model" value="NIKON D5100"/>
          <property name="Exif/Orientation" value="6"/>
          <property name="Exif/Software" value="Ver.1.01 "/>
          <property name="File/ImageHeight" value="3264"/>
          <property name="File/ImageWidth" value="4928"/>
          <property name="System/FileModifyDate" value="2016:06:09 22:28:27"/>
          <property name="System/FileSize" value="6420780"/>
        </meta>
      </photo>
    </camera>
    <camera camera_id="52">
      <photo path="../../../images/DSC_0703.JPG">
        <meta>
          <property name="Exif/DateTime" value="2016:05:11 18:34:13"/>
          <property name="Exif/DateTimeOriginal" value="2016:05:11 18:34:13"/>
          <property name="Exif/ExposureTime" value="0.0166666666666667"/>
          <property name="Exif/FNumber" value="4"/>
          <property name="Exif/FocalLength" value="18"/>
          <property name="Exif/FocalLengthIn35mmFilm" value="27"/>
          <property name="Exif/ISOSpeedRatings" value="500"/>
          <property name="Exif/Make" value="NIKON CORPORATION"/>
          <property name="Exif/Model" value="NIKON D5100"/>
          <property name="Exif/Orientation" value="1"/>
          <property name="Exif/Software" value="Ver.1.01 "/>
          <property name="File/ImageHeight" value="3264"/>
          <property name="File/ImageWidth" value="4928"/>
          <property name="System/FileModifyDate" value="2016:06:09 22:28:27"/>
          <property name="System/FileSize" value="6531979"/>
        </meta>
      </photo>
    </camera>
    <camera camera_id="53">
      <photo path="../../../images/DSC_0704.JPG">
        <meta>
          <property name="Exif/DateTime" value="2016:05:11 18:34:14"/>
          <property name="Exif/DateTimeOriginal" value="2016:05:11 18:34:14"/>
          <property name="Exif/ExposureTime" value="0.025"/>
          <property name="Exif/FNumber" value="3.5"/>
          <property name="Exif/FocalLength" value="18"/>
          <property name="Exif/FocalLengthIn35mmFilm" value="27"/>
          <property name="Exif/ISOSpeedRatings" value="800"/>
          <property name="Exif/Make" value="NIKON CORPORATION"/>
          <property name="Exif/Model" value="NIKON D5100"/>
          <property name="Exif/Orientation" value="1"/>
          <property name="Exif/Software" value="Ver.1.01 "/>
          <property name="File/ImageHeight" value="3264"/>
          <property name="File/ImageWidth" value="4928"/>
          <property name="System/FileModifyDate" value="2016:06:09 22:28:27"/>
          <property name="System/FileSize" value="6212182"/>
        </meta>
      </photo>
    </camera>
    <camera camera_id="54">
      <photo path="../../../images/DSC_0705.JPG">
        <meta>
          <property name="Exif/DateTime" value="2016:05:11 18:34:17"/>
          <property name="Exif/DateTimeOriginal" value="2016:05:11 18:34:17"/>
          <property name="Exif/ExposureTime" value="0.0333333333333333"/>
          <property name="Exif/FNumber" value="3.5"/>
          <property name="Exif/FocalLength" value="18"/>
          <property name="Exif/FocalLengthIn35mmFilm" value="27"/>
          <property name="Exif/ISOSpeedRatings" value="800"/>
          <property name="Exif/Make" value="NIKON CORPORATION"/>
          <property name="Exif/Model" value="NIKON D5100"/>
          <property name="Exif/Orientation" value="1"/>
          <property name="Exif/Software" value="Ver.1.01 "/>
          <property name="File/ImageHeight" value="3264"/>
          <property name="File/ImageWidth" value="4928"/>
          <property name="System/FileModifyDate" value="2016:06:09 22:28:27"/>
          <property name="System/FileSize" value="6358169"/>
        </meta>
      </photo>
    </camera>
    <camera camera_id="55">
      <photo path="../../../images/DSC_0706.JPG">
        <meta>
          <property name="Exif/DateTime" value="2016:05:11 18:34:19"/>
          <property name="Exif/DateTimeOriginal" value="2016:05:11 18:34:19"/>
          <property name="Exif/ExposureTime" value="0.025"/>
          <property name="Exif/FNumber" value="3.5"/>
          <property name="Exif/FocalLength" value="18"/>
          <property name="Exif/FocalLengthIn35mmFilm" value="27"/>
          <property name="Exif/ISOSpeedRatings" value="800"/>
          <property name="Exif/Make" value="NIKON CORPORATION"/>
          <property name="Exif/Model" value="NIKON D5100"/>
          <property name="Exif/Orientation" value="1"/>
          <property name="Exif/Software" value="Ver.1.01 "/>
          <property name="File/ImageHeight" value="3264"/>
          <property name="File/ImageWidth" value="4928"/>
          <property name="System/FileModifyDate" value="2016:06:09 22:28:27"/>
          <property name="System/FileSize" value="6377249"/>
        </meta>
      </photo>
    </camera>
    <camera camera_id="56">
      <photo path="../../../images/DSC_0707.JPG">
        <meta>
          <property name="Exif/DateTime" value="2016:05:11 18:34:20"/>
          <property name="Exif/DateTimeOriginal" value="2016:05:11 18:34:20"/>
          <property name="Exif/ExposureTime" value="0.02"/>
          <property name="Exif/FNumber" value="3.5"/>
          <property name="Exif/FocalLength" value="18"/>
          <property name="Exif/FocalLengthIn35mmFilm" value="27"/>
          <property name="Exif/ISOSpeedRatings" value="800"/>
          <property name="Exif/Make" value="NIKON CORPORATION"/>
          <property name="Exif/Model" value="NIKON D5100"/>
          <property name="Exif/Orientation" value="1"/>
          <property name="Exif/Software" value="Ver.1.01 "/>
          <property name="File/ImageHeight" value="3264"/>
          <property name="File/ImageWidth" value="4928"/>
          <property name="System/FileModifyDate" value="2016:06:09 22:28:27"/>
          <property name="System/FileSize" value="6371066"/>
        </meta>
      </photo>
    </camera>
    <camera camera_id="57">
      <photo path="../../../images/DSC_0708.JPG">
        <meta>
          <property name="Exif/DateTime" value="2016:05:11 18:34:21"/>
          <property name="Exif/DateTimeOriginal" value="2016:05:11 18:34:21"/>
          <property name="Exif/ExposureTime" value="0.025"/>
          <property name="Exif/FNumber" value="3.5"/>
          <property name="Exif/FocalLength" value="18"/>
          <property name="Exif/FocalLengthIn35mmFilm" value="27"/>
          <property name="Exif/ISOSpeedRatings" value="800"/>
          <property name="Exif/Make" value="NIKON CORPORATION"/>
          <property name="Exif/Model" value="NIKON D5100"/>
          <property name="Exif/Orientation" value="1"/>
          <property name="Exif/Software" value="Ver.1.01 "/>
          <property name="File/ImageHeight" value="3264"/>
          <property name="File/ImageWidth" value="4928"/>
          <property name="System/FileModifyDate" value="2016:06:09 22:28:27"/>
          <property name="System/FileSize" value="6236413"/>
        </meta>
      </photo>
    </camera>
    <camera camera_id="58">
      <photo path="../../../images/DSC_0709.JPG">
        <meta>
          <property name="Exif/DateTime" value="2016:05:11 18:34:23"/>
          <property name="Exif/DateTimeOriginal" value="2016:05:11 18:34:23"/>
          <property name="Exif/ExposureTime" value="0.025"/>
          <property name="Exif/FNumber" value="3.5"/>
          <property name="Exif/FocalLength" value="18"/>
          <property name="Exif/FocalLengthIn35mmFilm" value="27"/>
          <property name="Exif/ISOSpeedRatings" value="800"/>
          <property name="Exif/Make" value="NIKON CORPORATION"/>
          <property name="Exif/Model" value="NIKON D5100"/>
          <property name="Exif/Orientation" value="1"/>
          <property name="Exif/Software" value="Ver.1.01 "/>
          <property name="File/ImageHeight" value="3264"/>
          <property name="File/ImageWidth" value="4928"/>
          <property name="System/FileModifyDate" value="2016:06:09 22:28:27"/>
          <property name="System/FileSize" value="6164467"/>
        </meta>
      </photo>
    </camera>
    <camera camera_id="59">
      <photo path="../../../images/DSC_0710.JPG">
        <meta>
          <property name="Exif/DateTime" value="2016:05:11 18:34:25"/>
          <property name="Exif/DateTimeOriginal" value="2016:05:11 18:34:25"/>
          <property name="Exif/ExposureTime" value="0.02"/>
          <property name="Exif/FNumber" value="3.5"/>
          <property name="Exif/FocalLength" value="18"/>
          <property name="Exif/FocalLengthIn35mmFilm" value="27"/>
          <property name="Exif/ISOSpeedRatings" value="800"/>
          <property name="Exif/Make" value="NIKON CORPORATION"/>
          <property name="Exif/Model" value="NIKON D5100"/>
          <property name="Exif/Orientation" value="1"/>
          <property name="Exif/Software" value="Ver.1.01 "/>
          <property name="File/ImageHeight" value="3264"/>
          <property name="File/ImageWidth" value="4928"/>
          <property name="System/FileModifyDate" value="2016:06:09 22:28:27"/>
          <property name="System/FileSize" value="6281945"/>
        </meta>
      </photo>
    </camera>
    <camera camera_id="60">
      <photo path="../../../images/DSC_0711.JPG">
        <meta>
          <property name="Exif/DateTime" value="2016:05:11 18:34:27"/>
          <property name="Exif/DateTimeOriginal" value="2016:05:11 18:34:27"/>
          <property name="Exif/ExposureTime" value="0.0333333333333333"/>
          <property name="Exif/FNumber" value="3.5"/>
          <property name="Exif/FocalLength" value="18"/>
          <property name="Exif/FocalLengthIn35mmFilm" value="27"/>
          <property name="Exif/ISOSpeedRatings" value="800"/>
          <property name="Exif/Make" value="NIKON CORPORATION"/>
          <property name="Exif/Model" value="NIKON D5100"/>
          <property name="Exif/Orientation" value="1"/>
          <property name="Exif/Software" value="Ver.1.01 "/>
          <property name="File/ImageHeight" value="3264"/>
          <property name="File/ImageWidth" value="4928"/>
          <property name="System/FileModifyDate" value="2016:06:09 22:28:27"/>
          <property name="System/FileSize" value="6364685"/>
        </meta>
      </photo>
    </camera>
    <camera camera_id="61">
      <photo path="../../../images/DSC_0712.JPG">
        <meta>
          <property name="Exif/DateTime" value="2016:05:11 18:34:29"/>
          <property name="Exif/DateTimeOriginal" value="2016:05:11 18:34:29"/>
          <property name="Exif/ExposureTime" value="0.02"/>
          <property name="Exif/FNumber" value="3.5"/>
          <property name="Exif/FocalLength" value="18"/>
          <property name="Exif/FocalLengthIn35mmFilm" value="27"/>
          <property name="Exif/ISOSpeedRatings" value="800"/>
          <property name="Exif/Make" value="NIKON CORPORATION"/>
          <property name="Exif/Model" value="NIKON D5100"/>
          <property name="Exif/Orientation" value="1"/>
          <property name="Exif/Software" value="Ver.1.01 "/>
          <property name="File/ImageHeight" value="3264"/>
          <property name="File/ImageWidth" value="4928"/>
          <property name="System/FileModifyDate" value="2016:06:09 22:28:27"/>
          <property name="System/FileSize" value="6297413"/>
        </meta>
      </photo>
    </camera>
    <camera camera_id="62">
      <photo path="../../../images/DSC_0713.JPG">
        <meta>
          <property name="Exif/DateTime" value="2016:05:11 18:34:30"/>
          <property name="Exif/DateTimeOriginal" value="2016:05:11 18:34:30"/>
          <property name="Exif/ExposureTime" value="0.02"/>
          <property name="Exif/FNumber" value="3.5"/>
          <property name="Exif/FocalLength" value="18"/>
          <property name="Exif/FocalLengthIn35mmFilm" value="27"/>
          <property name="Exif/ISOSpeedRatings" value="800"/>
          <property name="Exif/Make" value="NIKON CORPORATION"/>
          <property name="Exif/Model" value="NIKON D5100"/>
          <property name="Exif/Orientation" value="1"/>
          <property name="Exif/Software" value="Ver.1.01 "/>
          <property name="File/ImageHeight" value="3264"/>
          <property name="File/ImageWidth" value="4928"/>
          <property name="System/FileModifyDate" value="2016:06:09 22:28:28"/>
          <property name="System/FileSize" value="6458170"/>
        </meta>
      </photo>
    </camera>
  </cameras>
  <masks path="masks/masks.zip"/>
  <thumbnails path="thumbnails/thumbnails.zip"/>
  <point_cloud path="point_cloud.1/point_cloud.zip"/>
  <depth_maps path="depth_maps.1/depth_maps.zip"/>
  <dense_cloud path="dense_cloud.1/dense_cloud.zip"/>
  <model path="model.1/model.zip"/>
</frame>
