<?xml version="1.0" encoding="UTF-8"?>
<point_cloud version="1.2.0">
  <tracks path="tracks.ply" count="56616"/>
  <points path="points.ply" count="52352"/>
  <projections camera_id="0" path="p0.ply" count="1288"/>
  <projections camera_id="1" path="p1.ply" count="1464"/>
  <projections camera_id="2" path="p2.ply" count="1603"/>
  <projections camera_id="3" path="p3.ply" count="2115"/>
  <projections camera_id="4" path="p4.ply" count="2408"/>
  <projections camera_id="5" path="p5.ply" count="2039"/>
  <projections camera_id="6" path="p6.ply" count="2063"/>
  <projections camera_id="7" path="p7.ply" count="2110"/>
  <projections camera_id="8" path="p8.ply" count="1362"/>
  <projections camera_id="9" path="p9.ply" count="1379"/>
  <projections camera_id="10" path="p10.ply" count="1461"/>
  <projections camera_id="11" path="p11.ply" count="1300"/>
  <projections camera_id="12" path="p12.ply" count="1444"/>
  <projections camera_id="13" path="p13.ply" count="1704"/>
  <projections camera_id="14" path="p14.ply" count="2539"/>
  <projections camera_id="15" path="p15.ply" count="4134"/>
  <projections camera_id="16" path="p16.ply" count="4458"/>
  <projections camera_id="17" path="p17.ply" count="3981"/>
  <projections camera_id="18" path="p18.ply" count="3994"/>
  <projections camera_id="19" path="p19.ply" count="1230"/>
  <projections camera_id="20" path="p20.ply" count="1073"/>
  <projections camera_id="21" path="p21.ply" count="1482"/>
  <projections camera_id="22" path="p22.ply" count="1291"/>
  <projections camera_id="23" path="p23.ply" count="1091"/>
  <projections camera_id="24" path="p24.ply" count="1766"/>
  <projections camera_id="25" path="p25.ply" count="1279"/>
  <projections camera_id="26" path="p26.ply" count="1789"/>
  <projections camera_id="27" path="p27.ply" count="2034"/>
  <projections camera_id="28" path="p28.ply" count="2903"/>
  <projections camera_id="29" path="p29.ply" count="454"/>
  <projections camera_id="30" path="p30.ply" count="1257"/>
  <projections camera_id="31" path="p31.ply" count="1549"/>
  <projections camera_id="32" path="p32.ply" count="1541"/>
  <projections camera_id="33" path="p33.ply" count="1481"/>
  <projections camera_id="34" path="p34.ply" count="1008"/>
  <projections camera_id="35" path="p35.ply" count="1152"/>
  <projections camera_id="36" path="p36.ply" count="851"/>
  <projections camera_id="37" path="p37.ply" count="1080"/>
  <projections camera_id="38" path="p38.ply" count="1203"/>
  <projections camera_id="39" path="p39.ply" count="777"/>
  <projections camera_id="40" path="p40.ply" count="2812"/>
  <projections camera_id="41" path="p41.ply" count="2493"/>
  <projections camera_id="42" path="p42.ply" count="1645"/>
  <projections camera_id="43" path="p43.ply" count="690"/>
  <projections camera_id="44" path="p44.ply" count="1357"/>
  <projections camera_id="45" path="p45.ply" count="1686"/>
  <projections camera_id="46" path="p46.ply" count="211"/>
  <projections camera_id="47" path="p47.ply" count="993"/>
  <projections camera_id="48" path="p48.ply" count="1146"/>
  <projections camera_id="49" path="p49.ply" count="1706"/>
  <projections camera_id="50" path="p50.ply" count="1165"/>
  <projections camera_id="51" path="p51.ply" count="363"/>
  <projections camera_id="52" path="p52.ply" count="444"/>
  <projections camera_id="53" path="p53.ply" count="1309"/>
  <projections camera_id="54" path="p54.ply" count="2854"/>
  <projections camera_id="55" path="p55.ply" count="2626"/>
  <projections camera_id="56" path="p56.ply" count="2235"/>
  <projections camera_id="57" path="p57.ply" count="526"/>
  <projections camera_id="58" path="p58.ply" count="1508"/>
  <projections camera_id="59" path="p59.ply" count="378"/>
  <projections camera_id="60" path="p60.ply" count="1601"/>
  <projections camera_id="61" path="p61.ply" count="840"/>
  <projections camera_id="62" path="p62.ply" count="1295"/>
  <projections camera_id="64" path="p64.ply" count="5361"/>
  <projections camera_id="65" path="p65.ply" count="5039"/>
  <projections camera_id="66" path="p66.ply" count="4923"/>
  <projections camera_id="91" path="p91.ply" count="4058"/>
  <projections camera_id="92" path="p92.ply" count="4749"/>
  <projections camera_id="93" path="p93.ply" count="4063"/>
  <projections camera_id="94" path="p94.ply" count="4239"/>
  <projections camera_id="95" path="p95.ply" count="3063"/>
  <projections camera_id="96" path="p96.ply" count="4304"/>
  <projections camera_id="97" path="p97.ply" count="3591"/>
  <projections camera_id="98" path="p98.ply" count="3235"/>
  <projections camera_id="99" path="p99.ply" count="3422"/>
  <projections camera_id="100" path="p100.ply" count="3338"/>
  <projections camera_id="101" path="p101.ply" count="4000"/>
  <projections camera_id="102" path="p102.ply" count="3829"/>
  <projections camera_id="103" path="p103.ply" count="4396"/>
  <projections camera_id="105" path="p105.ply" count="3958"/>
  <projections camera_id="106" path="p106.ply" count="4259"/>
  <projections camera_id="107" path="p107.ply" count="4125"/>
  <projections camera_id="108" path="p108.ply" count="3995"/>
  <projections camera_id="109" path="p109.ply" count="4038"/>
  <projections camera_id="110" path="p110.ply" count="4034"/>
  <projections camera_id="111" path="p111.ply" count="4000"/>
  <projections camera_id="112" path="p112.ply" count="1519"/>
  <projections camera_id="113" path="p113.ply" count="812"/>
  <projections camera_id="114" path="p114.ply" count="3942"/>
  <meta>
    <property name="match/duration" value="289.04916"/>
    <property name="match/match_downscale" value="2"/>
    <property name="match/match_filter_mask" value="true"/>
    <property name="match/match_point_limit" value="40000"/>
    <property name="match/match_select_pairs" value="1"/>
    <property name="match/match_tiepoint_limit" value="4000"/>
  </meta>
</point_cloud>
