<?xml version="1.0" encoding="UTF-8"?>
<model version="1.2.0">
  <mesh path="mesh.ply">
    <faceCount>714172</faceCount>
    <vertexCount>357088</vertexCount>
    <hasVertexColors>true</hasVertexColors>
    <hasUV>true</hasUV>
  </mesh>
  <texture path="texture.png"/>
  <meta>
    <property name="atlas/atlas_blend_mode" value="3"/>
    <property name="atlas/atlas_count" value="1"/>
    <property name="atlas/atlas_height" value="4096"/>
    <property name="atlas/atlas_mapping_mode" value="1"/>
    <property name="atlas/atlas_width" value="4096"/>
    <property name="atlas/duration_blend" value="11247.255687"/>
    <property name="atlas/duration_uv" value="14.289548"/>
    <property name="model/depth_downscale" value="4"/>
    <property name="model/depth_filter_mode" value="0"/>
    <property name="model/duration" value="354.026444"/>
    <property name="model/mesh_face_count" value="713881"/>
    <property name="model/mesh_interpolation" value="1"/>
    <property name="model/mesh_object_type" value="0"/>
    <property name="model/mesh_source_data" value="1"/>
    <property name="model/resolution" value="0.0106273336481006"/>
  </meta>
</model>
